filename,title,artist,composer,duration,year,album,genre
blues.00000.wav,She_Can_Do_This,B.B._King,B.B._King,149,2003,One_Kind_Favor,blues
blues.00001.wav,"Baby,_You_And_I_Forever",Ray_Charles,Ray_Charles,142,2013,Play_It_Til_Tomorrow,blues
blues.00002.wav,Without_You,Jimi_Hendrix,Jimi_Hendrix,187,2016,Respect_The_Dead,blues
blues.00003.wav,We_Like_To_Party,B.B._King,B.B._King,200,1999,One_Kind_Favor,blues
blues.00004.wav,You're_Amazing,Jimi_Hendrix,Jimi_Hendrix,232,2014,Respect_The_Dead,blues
blues.00005.wav,Life,Muddy_Waters,Muddy_Waters,152,2002,Sweet_Tea,blues
blues.00006.wav,He_Loves_We_Know,Muddy_Waters,Muddy_Waters,223,2015,Sweet_Tea,blues
blues.00007.wav,Light_Of_Midnight,Ray_Charles,Ray_Charles,217,2012,Play_It_Til_Tomorrow,blues
blues.00008.wav,Man_Money,B.B._King,B.B._King,97,2007,One_Kind_Favor,blues
blues.00009.wav,I'm_With_You,Otis_Redding,Otis_Redding,232,2011,Never_Goin_Back,blues
blues.00010.wav,Troubles_Of_His_Eyes,Billie_Holiday,Billie_Holiday,108,2013,Delta_Hardware,blues
blues.00011.wav,Story_For_Love,Etta_James,Etta_James,236,2003,Wish_I_Was_In_Heaven,blues
blues.00012.wav,You're_My_World,Ray_Charles,Ray_Charles,219,2005,Play_It_Til_Tomorrow,blues
blues.00013.wav,Male_Secrets,Jimi_Hendrix,Jimi_Hendrix,222,2009,Respect_The_Dead,blues
blues.00014.wav,Life_Of_Forever,Jimi_Hendrix,Jimi_Hendrix,177,2009,Respect_The_Dead,blues
blues.00015.wav,He_Knows_They_Can't_Hold_Us_Down,Jimi_Hendrix,Jimi_Hendrix,123,2001,Respect_The_Dead,blues
blues.00016.wav,For_You_And_I,Etta_James,Etta_James,125,2014,Wish_I_Was_In_Heaven,blues
blues.00017.wav,She_Will_Try,Jimi_Hendrix,Jimi_Hendrix,138,1999,Respect_The_Dead,blues
blues.00018.wav,Wait_For_Your_Bed,Billie_Holiday,Billie_Holiday,147,2003,Delta_Hardware,blues
blues.00019.wav,Legend_Of_Tomorrow,Muddy_Waters,Muddy_Waters,125,1999,Sweet_Tea,blues
blues.00020.wav,They_Can't_Hold_Us_Down,Etta_James,Etta_James,103,2000,Wish_I_Was_In_Heaven,blues
blues.00021.wav,Goodbye_Mind,Etta_James,Etta_James,116,2004,Wish_I_Was_In_Heaven,blues
blues.00022.wav,Do_You_Like_Me?,Otis_Redding,Otis_Redding,108,2011,Never_Goin_Back,blues
blues.00023.wav,Change_My_Memory,Ray_Charles,Ray_Charles,185,2002,Play_It_Til_Tomorrow,blues
blues.00024.wav,Place,Etta_James,Etta_James,139,2003,Wish_I_Was_In_Heaven,blues
blues.00025.wav,You_Make_Me_Feel_So..,Muddy_Waters,Muddy_Waters,213,2007,Sweet_Tea,blues
blues.00026.wav,ift_Of_More,Etta_James,Etta_James,230,2007,Wish_I_Was_In_Heaven,blues
blues.00027.wav,Life_Of_What,Muddy_Waters,Muddy_Waters,189,2006,Sweet_Tea,blues
blues.00028.wav,She_Said_She_Likes_You,Otis_Redding,Otis_Redding,109,2008,Never_Goin_Back,blues
blues.00029.wav,She_Loves_You,Muddy_Waters,Muddy_Waters,90,2004,Sweet_Tea,blues
blues.00030.wav,Life_Of_What,Etta_James,Etta_James,220,2004,Wish_I_Was_In_Heaven,blues
blues.00031.wav,Stranger_Of_Power,Etta_James,Etta_James,158,2005,Wish_I_Was_In_Heaven,blues
blues.00032.wav,For_My_Baby,Otis_Redding,Otis_Redding,101,2006,Never_Goin_Back,blues
blues.00033.wav,World,B.B._King,B.B._King,103,2007,One_Kind_Favor,blues
blues.00034.wav,Melody_Of_Style,Ray_Charles,Ray_Charles,233,2011,Play_It_Til_Tomorrow,blues
blues.00035.wav,Golden_Moves,B.B._King,B.B._King,141,2010,One_Kind_Favor,blues
blues.00036.wav,Time_Tales,Etta_James,Etta_James,137,2011,Wish_I_Was_In_Heaven,blues
blues.00037.wav,I_Love_You_So,Billie_Holiday,Billie_Holiday,116,2001,Delta_Hardware,blues
blues.00038.wav,Song,Billie_Holiday,Billie_Holiday,219,2007,Delta_Hardware,blues
blues.00039.wav,Of_A_Dream,Billie_Holiday,Billie_Holiday,167,2016,Delta_Hardware,blues
blues.00040.wav,Think_About_Her_Baby,Billie_Holiday,Billie_Holiday,92,2012,Delta_Hardware,blues
blues.00041.wav,Getting_Your_Love,Otis_Redding,Otis_Redding,125,2016,Never_Goin_Back,blues
blues.00042.wav,"Darling,_I_Think_I_Like_You",Otis_Redding,Otis_Redding,219,2008,Never_Goin_Back,blues
blues.00043.wav,Think_About_My_Inner_Fire,Jimi_Hendrix,Jimi_Hendrix,233,2014,Respect_The_Dead,blues
blues.00044.wav,Eyes,B.B._King,B.B._King,127,2006,One_Kind_Favor,blues
blues.00045.wav,Memory,Muddy_Waters,Muddy_Waters,109,2002,Sweet_Tea,blues
blues.00046.wav,Story_For_Love,Otis_Redding,Otis_Redding,205,2013,Never_Goin_Back,blues
blues.00047.wav,Fire,Otis_Redding,Otis_Redding,109,2006,Never_Goin_Back,blues
blues.00048.wav,Whispers_Of_Anything,Otis_Redding,Otis_Redding,188,2001,Never_Goin_Back,blues
blues.00049.wav,Sing_With_Me,Etta_James,Etta_James,114,2014,Wish_I_Was_In_Heaven,blues
blues.00050.wav,Sleep_In_My_Bed,Ray_Charles,Ray_Charles,206,2000,Play_It_Til_Tomorrow,blues
blues.00051.wav,Friends_Of_Diamonds,Jimi_Hendrix,Jimi_Hendrix,111,2013,Respect_The_Dead,blues
blues.00052.wav,Remember_Me,Billie_Holiday,Billie_Holiday,228,2007,Delta_Hardware,blues
blues.00053.wav,He_Thinks_He's_A_Troublemaker,Billie_Holiday,Billie_Holiday,151,2005,Delta_Hardware,blues
blues.00054.wav,I'm_A_Troublemaker,Etta_James,Etta_James,156,2015,Wish_I_Was_In_Heaven,blues
blues.00055.wav,He_Knows_They_Can't_Hold_Us_Down,Billie_Holiday,Billie_Holiday,230,2001,Delta_Hardware,blues
blues.00056.wav,She_Heard_I_Can_Do_This,Otis_Redding,Otis_Redding,120,2015,Never_Goin_Back,blues
blues.00057.wav,Sleep_In_My_Bed,Muddy_Waters,Muddy_Waters,118,2011,Sweet_Tea,blues
blues.00058.wav,"Baby,_You_And_I_Forever",Billie_Holiday,Billie_Holiday,147,2010,Delta_Hardware,blues
blues.00059.wav,Heart,Jimi_Hendrix,Jimi_Hendrix,163,2003,Respect_The_Dead,blues
blues.00060.wav,"Babe,_I'll_Never_Let_You_Go",B.B._King,B.B._King,225,2012,One_Kind_Favor,blues
blues.00061.wav,Lazy_Fever,Etta_James,Etta_James,100,2013,Wish_I_Was_In_Heaven,blues
blues.00062.wav,They_Can't_Hold_Us,B.B._King,B.B._King,238,2012,One_Kind_Favor,blues
blues.00063.wav,For_You_And_I,Etta_James,Etta_James,228,2003,Wish_I_Was_In_Heaven,blues
blues.00064.wav,He_Knows_She_Likes_You,B.B._King,B.B._King,165,2009,One_Kind_Favor,blues
blues.00065.wav,You're_Trouble,Muddy_Waters,Muddy_Waters,236,2000,Sweet_Tea,blues
blues.00066.wav,Come_With_Me,Etta_James,Etta_James,229,2001,Wish_I_Was_In_Heaven,blues
blues.00067.wav,Crazy_Machine,Etta_James,Etta_James,206,2011,Wish_I_Was_In_Heaven,blues
blues.00068.wav,He_Hopes_She_Can_Do_This,Etta_James,Etta_James,148,2001,Wish_I_Was_In_Heaven,blues
blues.00069.wav,Magic_Song,Billie_Holiday,Billie_Holiday,115,2003,Delta_Hardware,blues
blues.00070.wav,Reach_For_His_Eyes,Etta_James,Etta_James,152,2002,Wish_I_Was_In_Heaven,blues
blues.00071.wav,Remember_Me,Jimi_Hendrix,Jimi_Hendrix,101,1999,Respect_The_Dead,blues
blues.00072.wav,I'm_A_Troublemaker,Ray_Charles,Ray_Charles,114,2008,Play_It_Til_Tomorrow,blues
blues.00073.wav,Fire,Jimi_Hendrix,Jimi_Hendrix,188,2001,Respect_The_Dead,blues
blues.00074.wav,Woman_Of_The_World,Etta_James,Etta_James,195,2014,Wish_I_Was_In_Heaven,blues
blues.00075.wav,Give_His_Memory,Jimi_Hendrix,Jimi_Hendrix,234,2013,Respect_The_Dead,blues
blues.00076.wav,Game,Billie_Holiday,Billie_Holiday,204,2004,Delta_Hardware,blues
blues.00077.wav,Prayer_Of_My_Thoughts,Otis_Redding,Otis_Redding,131,2010,Never_Goin_Back,blues
blues.00078.wav,You're_My_Everything,Billie_Holiday,Billie_Holiday,156,2004,Delta_Hardware,blues
blues.00079.wav,Come_With_Me,Billie_Holiday,Billie_Holiday,235,2004,Delta_Hardware,blues
blues.00080.wav,Hometown,B.B._King,B.B._King,199,2014,One_Kind_Favor,blues
blues.00081.wav,Forget_About_Your_Music,B.B._King,B.B._King,107,2014,One_Kind_Favor,blues
blues.00082.wav,He_Loves_I'll_Love_You_Forever,Jimi_Hendrix,Jimi_Hendrix,172,2003,Respect_The_Dead,blues
blues.00083.wav,Love_Your_Own,Jimi_Hendrix,Jimi_Hendrix,97,2003,Respect_The_Dead,blues
blues.00084.wav,Whispers_Of_Anything,Etta_James,Etta_James,180,2009,Wish_I_Was_In_Heaven,blues
blues.00085.wav,You're_My_World,Muddy_Waters,Muddy_Waters,226,2002,Sweet_Tea,blues
blues.00086.wav,Of_The_City,Ray_Charles,Ray_Charles,193,2015,Play_It_Til_Tomorrow,blues
blues.00087.wav,Wait_For_Her_Mind,B.B._King,B.B._King,209,2008,One_Kind_Favor,blues
blues.00088.wav,Mind,Ray_Charles,Ray_Charles,231,2015,Play_It_Til_Tomorrow,blues
blues.00089.wav,She_Will_Try,Muddy_Waters,Muddy_Waters,133,2007,Sweet_Tea,blues
blues.00090.wav,Lazy_Obsession,Etta_James,Etta_James,224,2006,Wish_I_Was_In_Heaven,blues
blues.00091.wav,Good_Circus,Billie_Holiday,Billie_Holiday,197,2009,Delta_Hardware,blues
blues.00092.wav,Tomorrow,Otis_Redding,Otis_Redding,236,1999,Never_Goin_Back,blues
blues.00093.wav,Story_For_Love,Etta_James,Etta_James,218,2001,Wish_I_Was_In_Heaven,blues
blues.00094.wav,"Honey,_I_Waited_For_You",Muddy_Waters,Muddy_Waters,212,2001,Sweet_Tea,blues
blues.00095.wav,Super_Power,Muddy_Waters,Muddy_Waters,164,2001,Sweet_Tea,blues
blues.00096.wav,Light_Forever,Muddy_Waters,Muddy_Waters,173,2011,Sweet_Tea,blues
blues.00097.wav,Place,Jimi_Hendrix,Jimi_Hendrix,175,2000,Respect_The_Dead,blues
blues.00098.wav,Life,B.B._King,B.B._King,147,2015,One_Kind_Favor,blues
blues.00099.wav,She_Hopes_We're_In_Love,Jimi_Hendrix,Jimi_Hendrix,186,2004,Respect_The_Dead,blues
classical.00000.wav,She_Needs_You,Hans_Zimmer,Georges_Bizet,164,2003,Memoryhouse,classical
classical.00001.wav,For_The_Man,Eric_Whitacre,Antonio_VIvaldi,223,2008,There_Will_Be_Blood,classical
classical.00002.wav,She_Needs_You,Hans_Zimmer,Georges_Bizet,130,2003,Memoryhouse,classical
classical.00003.wav,Stranger_Of_The_Good_Life,Max_Richter,Ludwig_van_Beethoven,195,2014,The_Blue_Notebooks,classical
classical.00004.wav,Remember_His_Affection,Hildur_Gudnadottir,J.S._Bach,208,2015,IBM_1401,classical
classical.00005.wav,Pretty_Circus,Hildur_Gudnadottir,J.S._Bach,152,2014,IBM_1401,classical
classical.00006.wav,Last_Mind,Wynton_Marsalis,Maurice_Ravel,216,2007,Central_Market,classical
classical.00007.wav,I_Need_Your_Love,Hans_Zimmer,Georges_Bizet,102,2006,Memoryhouse,classical
classical.00008.wav,She_Heard_I_Can_Do_This,Yoko_Shimomura,Johan_Strauss_II,211,2015,White_Lunar,classical
classical.00009.wav,"Darling,_You're_Amazing",Yoko_Shimomura,Johan_Strauss_II,141,2002,White_Lunar,classical
classical.00010.wav,Dance_Money,Ludovico_Einaudi,Giacomo_Puccini,216,2006,Englaborn,classical
classical.00011.wav,Out_Of_Hearts,Hans_Zimmer,Georges_Bizet,160,2000,Memoryhouse,classical
classical.00012.wav,She_Heard_We're_In_Love,Wynton_Marsalis,Maurice_Ravel,214,2001,Central_Market,classical
classical.00013.wav,She_Said_She_Likes_You,Eric_Whitacre,Antonio_VIvaldi,190,2010,There_Will_Be_Blood,classical
classical.00014.wav,She_Heard_I_Can_Do_This,Ludovico_Einaudi,Giacomo_Puccini,232,2014,Englaborn,classical
classical.00015.wav,Memories,Yoko_Shimomura,Johan_Strauss_II,125,2009,White_Lunar,classical
classical.00016.wav,Story_For_Me,Eric_Whitacre,Antonio_VIvaldi,137,2014,There_Will_Be_Blood,classical
classical.00017.wav,You're_Amazing,Ludovico_Einaudi,Giacomo_Puccini,108,1999,Englaborn,classical
classical.00018.wav,She_Likes_You,Eric_Whitacre,Antonio_VIvaldi,209,2013,There_Will_Be_Blood,classical
classical.00019.wav,Song_Of_The_Ages,Ludovico_Einaudi,Giacomo_Puccini,129,2014,Englaborn,classical
classical.00020.wav,For_You_And_I,Wynton_Marsalis,Maurice_Ravel,157,2015,Central_Market,classical
classical.00021.wav,Crazy_Story,Wynton_Marsalis,Maurice_Ravel,204,2016,Central_Market,classical
classical.00022.wav,Smiles_Of_Old,Ludovico_Einaudi,Giacomo_Puccini,147,2001,Englaborn,classical
classical.00023.wav,He_Knows_She_Likes_You,Max_Richter,Ludwig_van_Beethoven,211,2007,The_Blue_Notebooks,classical
classical.00024.wav,Love_Me,Yoko_Shimomura,Johan_Strauss_II,105,2011,White_Lunar,classical
classical.00025.wav,Troubles_Of_His_Eyes,Ludovico_Einaudi,Giacomo_Puccini,183,2000,Englaborn,classical
classical.00026.wav,For_The_Man,Eric_Whitacre,Antonio_VIvaldi,147,2016,There_Will_Be_Blood,classical
classical.00027.wav,Pretty_Baby,Wynton_Marsalis,Maurice_Ravel,236,2007,Central_Market,classical
classical.00028.wav,I'm_A_Troublemaker,Max_Richter,Ludwig_van_Beethoven,156,2000,The_Blue_Notebooks,classical
classical.00029.wav,I_Love_You_So,Yoko_Shimomura,Johan_Strauss_II,174,2000,White_Lunar,classical
classical.00030.wav,You_And_I_Forever,Eric_Whitacre,Antonio_VIvaldi,139,2013,There_Will_Be_Blood,classical
classical.00031.wav,Think_About_Your_Troubles,Max_Richter,Ludwig_van_Beethoven,182,2009,The_Blue_Notebooks,classical
classical.00032.wav,Heart_Of_What,Hans_Zimmer,Georges_Bizet,189,2008,Memoryhouse,classical
classical.00033.wav,Life_Of_What,Hildur_Gudnadottir,J.S._Bach,181,2013,IBM_1401,classical
classical.00034.wav,Tickle_Her_Touch,Hildur_Gudnadottir,J.S._Bach,175,2016,IBM_1401,classical
classical.00035.wav,"Darling,_You're_My_Number_One",Wynton_Marsalis,Maurice_Ravel,174,2011,Central_Market,classical
classical.00036.wav,Song,Ludovico_Einaudi,Giacomo_Puccini,129,2015,Englaborn,classical
classical.00037.wav,Light_Of_Midnight,Hildur_Gudnadottir,J.S._Bach,176,2014,IBM_1401,classical
classical.00038.wav,Of_A_Dream,Yoko_Shimomura,Johan_Strauss_II,164,2012,White_Lunar,classical
classical.00039.wav,Life,Yoko_Shimomura,Johan_Strauss_II,231,2012,White_Lunar,classical
classical.00040.wav,Tickle_Her_Touch,Ludovico_Einaudi,Giacomo_Puccini,231,2013,Englaborn,classical
classical.00041.wav,Let's_Go,Wynton_Marsalis,Maurice_Ravel,159,2000,Central_Market,classical
classical.00042.wav,Tonight,Max_Richter,Ludwig_van_Beethoven,119,2011,The_Blue_Notebooks,classical
classical.00043.wav,"Baby,_Remember_The_Times",Hildur_Gudnadottir,J.S._Bach,195,1999,IBM_1401,classical
classical.00044.wav,Lazy_Fever,Yoko_Shimomura,Johan_Strauss_II,155,2006,White_Lunar,classical
classical.00045.wav,Walk_With_Your_Own,Hans_Zimmer,Georges_Bizet,137,2011,Memoryhouse,classical
classical.00046.wav,"Babe,_I'll_Never_Let_You_Go",Yoko_Shimomura,Johan_Strauss_II,140,2009,White_Lunar,classical
classical.00047.wav,"Darling,_Let's_Start_This_Party",Eric_Whitacre,Antonio_VIvaldi,91,2002,There_Will_Be_Blood,classical
classical.00048.wav,Hard_Dreams,Ludovico_Einaudi,Giacomo_Puccini,213,2006,Englaborn,classical
classical.00049.wav,"Sweetie,_You_Make_Me_Feel_So..",Ludovico_Einaudi,Giacomo_Puccini,185,1999,Englaborn,classical
classical.00050.wav,Troubles_Of_His_Eyes,Eric_Whitacre,Antonio_VIvaldi,177,2004,There_Will_Be_Blood,classical
classical.00051.wav,Legend_Of_Tomorrow,Hans_Zimmer,Georges_Bizet,196,2006,Memoryhouse,classical
classical.00052.wav,He_Loves_We_Know,Max_Richter,Ludwig_van_Beethoven,93,2009,The_Blue_Notebooks,classical
classical.00053.wav,Out_Of_His_Soul,Wynton_Marsalis,Maurice_Ravel,99,2006,Central_Market,classical
classical.00054.wav,Hard_Dreams,Ludovico_Einaudi,Giacomo_Puccini,99,2007,Englaborn,classical
classical.00055.wav,Sleep_In_His_Kiss,Wynton_Marsalis,Maurice_Ravel,160,1999,Central_Market,classical
classical.00056.wav,Of_What,Eric_Whitacre,Antonio_VIvaldi,181,2001,There_Will_Be_Blood,classical
classical.00057.wav,Troubles_Of_His_Eyes,Ludovico_Einaudi,Giacomo_Puccini,122,2002,Englaborn,classical
classical.00058.wav,Stranger_Of_The_Good_Life,Hildur_Gudnadottir,J.S._Bach,133,1999,IBM_1401,classical
classical.00059.wav,She_Said_I'll_Love_You_Forever,Max_Richter,Ludwig_van_Beethoven,226,2016,The_Blue_Notebooks,classical
classical.00060.wav,Friends_Of_Diamonds,Eric_Whitacre,Antonio_VIvaldi,114,2012,There_Will_Be_Blood,classical
classical.00061.wav,Pretty_Baby,Hans_Zimmer,Georges_Bizet,234,2016,Memoryhouse,classical
classical.00062.wav,I_Will_Try,Yoko_Shimomura,Johan_Strauss_II,151,2004,White_Lunar,classical
classical.00063.wav,"Sweetie,_Take_My_Breath_Away",Hans_Zimmer,Georges_Bizet,103,1999,Memoryhouse,classical
classical.00064.wav,Story_Of_A_Stranger,Eric_Whitacre,Antonio_VIvaldi,92,2015,There_Will_Be_Blood,classical
classical.00065.wav,Sleep_Games,Eric_Whitacre,Antonio_VIvaldi,190,2006,There_Will_Be_Blood,classical
classical.00066.wav,Beautiful_Feeling,Hildur_Gudnadottir,J.S._Bach,171,2016,IBM_1401,classical
classical.00067.wav,We're_Crazy,Hans_Zimmer,Georges_Bizet,186,2007,Memoryhouse,classical
classical.00068.wav,Fire,Ludovico_Einaudi,Giacomo_Puccini,156,2014,Englaborn,classical
classical.00069.wav,He_Knows_She_Likes_You,Hans_Zimmer,Georges_Bizet,94,2016,Memoryhouse,classical
classical.00070.wav,He_Hopes_He's_A_Troublemaker,Ludovico_Einaudi,Giacomo_Puccini,126,2014,Englaborn,classical
classical.00071.wav,Story_For_Love,Ludovico_Einaudi,Giacomo_Puccini,214,2002,Englaborn,classical
classical.00072.wav,Prayer_For_Two,Ludovico_Einaudi,Giacomo_Puccini,96,2014,Englaborn,classical
classical.00073.wav,Love_Me_Like_I_Love_You,Yoko_Shimomura,Johan_Strauss_II,125,2013,White_Lunar,classical
classical.00074.wav,She_Heard_You're_Trouble,Hans_Zimmer,Georges_Bizet,156,2007,Memoryhouse,classical
classical.00075.wav,Smile,Eric_Whitacre,Antonio_VIvaldi,135,2001,There_Will_Be_Blood,classical
classical.00076.wav,I_Love_You_So,Ludovico_Einaudi,Giacomo_Puccini,178,2006,Englaborn,classical
classical.00077.wav,Sing_With_Me,Ludovico_Einaudi,Giacomo_Puccini,176,2000,Englaborn,classical
classical.00078.wav,I_Need_Your_Love,Max_Richter,Ludwig_van_Beethoven,163,2005,The_Blue_Notebooks,classical
classical.00079.wav,Wait_For_Your_Bed,Hildur_Gudnadottir,J.S._Bach,168,2008,IBM_1401,classical
classical.00080.wav,I_Love_He_Loves_You,Eric_Whitacre,Antonio_VIvaldi,105,2009,There_Will_Be_Blood,classical
classical.00081.wav,Life_Of_What,Eric_Whitacre,Antonio_VIvaldi,146,2005,There_Will_Be_Blood,classical
classical.00082.wav,Season_Of_My_Thoughts,Wynton_Marsalis,Maurice_Ravel,210,2013,Central_Market,classical
classical.00083.wav,Tonight's_The_Night,Hildur_Gudnadottir,J.S._Bach,114,2000,IBM_1401,classical
classical.00084.wav,Goodbye_Mind,Hans_Zimmer,Georges_Bizet,162,2013,Memoryhouse,classical
classical.00085.wav,"Baby,_Let's_Go_Wild",Max_Richter,Ludwig_van_Beethoven,108,2008,The_Blue_Notebooks,classical
classical.00086.wav,Heart,Hans_Zimmer,Georges_Bizet,166,2010,Memoryhouse,classical
classical.00087.wav,Game,Eric_Whitacre,Antonio_VIvaldi,116,2008,There_Will_Be_Blood,classical
classical.00088.wav,Belong_To_Your_Power,Wynton_Marsalis,Maurice_Ravel,101,2012,Central_Market,classical
classical.00089.wav,Super_Power,Eric_Whitacre,Antonio_VIvaldi,168,2008,There_Will_Be_Blood,classical
classical.00090.wav,"Darling,_Let's_Start_This_Party",Yoko_Shimomura,Johan_Strauss_II,202,2007,White_Lunar,classical
classical.00091.wav,Lose_His_Own,Max_Richter,Ludwig_van_Beethoven,229,2012,The_Blue_Notebooks,classical
classical.00092.wav,Heart,Wynton_Marsalis,Maurice_Ravel,233,2006,Central_Market,classical
classical.00093.wav,Memories,Yoko_Shimomura,Johan_Strauss_II,154,1999,White_Lunar,classical
classical.00094.wav,Tomorrow,Hans_Zimmer,Georges_Bizet,92,2013,Memoryhouse,classical
classical.00095.wav,Voice,Hildur_Gudnadottir,J.S._Bach,98,2011,IBM_1401,classical
classical.00096.wav,He's_Crazy,Ludovico_Einaudi,Giacomo_Puccini,211,2003,Englaborn,classical
classical.00097.wav,Romance,Ludovico_Einaudi,Giacomo_Puccini,144,2002,Englaborn,classical
classical.00098.wav,Stranger_Of_Power,Wynton_Marsalis,Maurice_Ravel,139,2010,Central_Market,classical
classical.00099.wav,We_Like_To_Party,Ludovico_Einaudi,Giacomo_Puccini,161,2003,Englaborn,classical
country.00000.wav,Crazy_Machine,Merle_Haagard,Kenny_Chesney,130,2000,Yankee_Hotel_Foxtrot,country
country.00001.wav,"Sweetie,_Take_My_Breath_Away",Loretta_Lynn,Rascal_Flatts,192,2006,Decoration_Day,country
country.00002.wav,Pretty_Circus,Hank_Williams,Toby_Keith,114,2004,Van_Lear_Rose,country
country.00003.wav,Without_You,Hank_Williams,Toby_Keith,118,2012,Van_Lear_Rose,country
country.00004.wav,"Darling,_Sing_With_Me",Dolly_Parton,George_Strait,190,2016,Blacklisted,country
country.00005.wav,Life,Merle_Haagard,Kenny_Chesney,159,2002,Yankee_Hotel_Foxtrot,country
country.00006.wav,"Baby,_Let's_Go_Wild",The_Carter_Family,Tim_McGraw,163,2016,American_Saturday_Night,country
country.00007.wav,You're_My_Everything,Loretta_Lynn,Rascal_Flatts,99,2015,Decoration_Day,country
country.00008.wav,"Honey,_Set_Me_Free",Waylon_Jennings,Faith_Hill,166,2001,The_Houston_Kid,country
country.00009.wav,Do_You_Like_Me?,Waylon_Jennings,Faith_Hill,222,2015,The_Houston_Kid,country
country.00010.wav,Heart,Loretta_Lynn,Rascal_Flatts,204,2007,Decoration_Day,country
country.00011.wav,Magic_Song,Merle_Haagard,Kenny_Chesney,149,2015,Yankee_Hotel_Foxtrot,country
country.00012.wav,Sing_With_Me,Loretta_Lynn,Rascal_Flatts,171,2012,Decoration_Day,country
country.00013.wav,Think_About_Your_Troubles,Dolly_Parton,George_Strait,107,2009,Blacklisted,country
country.00014.wav,Giving_Your_Life,Willie_Nelson,Keith_Urban,137,2002,Didnt_It_Rain,country
country.00015.wav,Tonight's_The_Night,Hank_Williams,Toby_Keith,178,1999,Van_Lear_Rose,country
country.00016.wav,Love_Me_Like_I_Love_You,Dolly_Parton,George_Strait,235,2002,Blacklisted,country
country.00017.wav,Last_Mind,Loretta_Lynn,Rascal_Flatts,136,2016,Decoration_Day,country
country.00018.wav,Game,Willie_Nelson,Keith_Urban,153,2013,Didnt_It_Rain,country
country.00019.wav,Pretty_Circus,Waylon_Jennings,Faith_Hill,96,2005,The_Houston_Kid,country
country.00020.wav,"Sweetie,_Stand_By_Me",Loretta_Lynn,Rascal_Flatts,217,2008,Decoration_Day,country
country.00021.wav,Story_Of_A_Stranger,Willie_Nelson,Keith_Urban,194,2010,Didnt_It_Rain,country
country.00022.wav,He_Thinks_He's_A_Troublemaker,The_Carter_Family,Tim_McGraw,160,2003,American_Saturday_Night,country
country.00023.wav,"Baby,_Remember_Tomorrow",Loretta_Lynn,Rascal_Flatts,192,2002,Decoration_Day,country
country.00024.wav,Free_Moves,Hank_Williams,Toby_Keith,93,2003,Van_Lear_Rose,country
country.00025.wav,"Sweetie,_Stand_By_Me",Loretta_Lynn,Rascal_Flatts,175,2012,Decoration_Day,country
country.00026.wav,World,Waylon_Jennings,Faith_Hill,204,2003,The_Houston_Kid,country
country.00027.wav,Need_My_Hometown,Merle_Haagard,Kenny_Chesney,204,2016,Yankee_Hotel_Foxtrot,country
country.00028.wav,Romance,Waylon_Jennings,Faith_Hill,226,2015,The_Houston_Kid,country
country.00029.wav,Remember_Me,Loretta_Lynn,Rascal_Flatts,222,2004,Decoration_Day,country
country.00030.wav,"Honey,_I_Waited_For_You",Waylon_Jennings,Faith_Hill,193,2011,The_Houston_Kid,country
country.00031.wav,I_Think_She's_Trouble,Waylon_Jennings,Faith_Hill,207,2013,The_Houston_Kid,country
country.00032.wav,Remember_His_Affection,Willie_Nelson,Keith_Urban,188,2000,Didnt_It_Rain,country
country.00033.wav,Sleep_Games,The_Carter_Family,Tim_McGraw,175,2000,American_Saturday_Night,country
country.00034.wav,You're_Trouble,Waylon_Jennings,Faith_Hill,153,2015,The_Houston_Kid,country
country.00035.wav,"Sweetie,_Stand_By_Me",The_Carter_Family,Tim_McGraw,123,2009,American_Saturday_Night,country
country.00036.wav,Last_Mind,Waylon_Jennings,Faith_Hill,187,2004,The_Houston_Kid,country
country.00037.wav,I_Need_Your_Love,Merle_Haagard,Kenny_Chesney,204,2004,Yankee_Hotel_Foxtrot,country
country.00038.wav,"Honey,_Wait_And_See",Willie_Nelson,Keith_Urban,134,2010,Didnt_It_Rain,country
country.00039.wav,Giving_Your_Life,Hank_Williams,Toby_Keith,116,2008,Van_Lear_Rose,country
country.00040.wav,He_Knows_I_Love_It,Waylon_Jennings,Faith_Hill,236,2002,The_Houston_Kid,country
country.00041.wav,Fire,Loretta_Lynn,Rascal_Flatts,147,2000,Decoration_Day,country
country.00042.wav,He_Thinks_He_Can_Do_This,Loretta_Lynn,Rascal_Flatts,148,2005,Decoration_Day,country
country.00043.wav,Melody_Of_Style,Loretta_Lynn,Rascal_Flatts,202,2016,Decoration_Day,country
country.00044.wav,Forget_About_My_Own,Willie_Nelson,Keith_Urban,139,2006,Didnt_It_Rain,country
country.00045.wav,Whispers_Of_Anything,Hank_Williams,Toby_Keith,220,2014,Van_Lear_Rose,country
country.00046.wav,You're_My_World,The_Carter_Family,Tim_McGraw,98,2015,American_Saturday_Night,country
country.00047.wav,Of_Tomorrow,Waylon_Jennings,Faith_Hill,181,1999,The_Houston_Kid,country
country.00048.wav,He_Hopes_He_Doesn't_Care,Willie_Nelson,Keith_Urban,229,2006,Didnt_It_Rain,country
country.00049.wav,She_Can_Do_This,Waylon_Jennings,Faith_Hill,109,2007,The_Houston_Kid,country
country.00050.wav,I_Like_To_Party,Waylon_Jennings,Faith_Hill,208,2015,The_Houston_Kid,country
country.00051.wav,Dance_Money,Dolly_Parton,George_Strait,138,2011,Blacklisted,country
country.00052.wav,Goodbye_Mind,The_Carter_Family,Tim_McGraw,151,2001,American_Saturday_Night,country
country.00053.wav,I_Can_Do_This,The_Carter_Family,Tim_McGraw,240,2004,American_Saturday_Night,country
country.00054.wav,Whispers_Of_Freedom,Waylon_Jennings,Faith_Hill,114,2002,The_Houston_Kid,country
country.00055.wav,Eyes,Merle_Haagard,Kenny_Chesney,129,2011,Yankee_Hotel_Foxtrot,country
country.00056.wav,Crazy_Story,Waylon_Jennings,Faith_Hill,198,2005,The_Houston_Kid,country
country.00057.wav,Tonight,Willie_Nelson,Keith_Urban,150,2005,Didnt_It_Rain,country
country.00058.wav,Love_Me,Waylon_Jennings,Faith_Hill,177,2003,The_Houston_Kid,country
country.00059.wav,I_Can_Do_This,The_Carter_Family,Tim_McGraw,154,2002,American_Saturday_Night,country
country.00060.wav,Tonight,The_Carter_Family,Tim_McGraw,114,2012,American_Saturday_Night,country
country.00061.wav,Heart,The_Carter_Family,Tim_McGraw,95,2014,American_Saturday_Night,country
country.00062.wav,Images,The_Carter_Family,Tim_McGraw,96,2010,American_Saturday_Night,country
country.00063.wav,"Honey,_Wait_And_See",Dolly_Parton,George_Strait,206,2003,Blacklisted,country
country.00064.wav,I'm_A_Troublemaker,Willie_Nelson,Keith_Urban,135,2012,Didnt_It_Rain,country
country.00065.wav,We_Like_To_Party,The_Carter_Family,Tim_McGraw,135,2014,American_Saturday_Night,country
country.00066.wav,I'm_With_You,Loretta_Lynn,Rascal_Flatts,208,2006,Decoration_Day,country
country.00067.wav,Life,Loretta_Lynn,Rascal_Flatts,114,2010,Decoration_Day,country
country.00068.wav,Choice_For_A_Girl_Like_You,Loretta_Lynn,Rascal_Flatts,98,2002,Decoration_Day,country
country.00069.wav,You're_My_World,Hank_Williams,Toby_Keith,163,2015,Van_Lear_Rose,country
country.00070.wav,I_Like_To_Party,Hank_Williams,Toby_Keith,240,2000,Van_Lear_Rose,country
country.00071.wav,Melody_Of_Style,Merle_Haagard,Kenny_Chesney,228,2002,Yankee_Hotel_Foxtrot,country
country.00072.wav,I_Heard_She_Likes_To_Party,Waylon_Jennings,Faith_Hill,176,2005,The_Houston_Kid,country
country.00073.wav,She's_Bad,The_Carter_Family,Tim_McGraw,159,2004,American_Saturday_Night,country
country.00074.wav,Home,Waylon_Jennings,Faith_Hill,187,2010,The_Houston_Kid,country
country.00075.wav,Top_For_Everything,Willie_Nelson,Keith_Urban,231,2005,Didnt_It_Rain,country
country.00076.wav,ift_Of_More,The_Carter_Family,Tim_McGraw,213,2007,American_Saturday_Night,country
country.00077.wav,Home,Dolly_Parton,George_Strait,199,2009,Blacklisted,country
country.00078.wav,Male_Dreams,Loretta_Lynn,Rascal_Flatts,131,2013,Decoration_Day,country
country.00079.wav,Romance,Loretta_Lynn,Rascal_Flatts,179,2003,Decoration_Day,country
country.00080.wav,"Honey,_You're_My_Number_One",Hank_Williams,Toby_Keith,113,2006,Van_Lear_Rose,country
country.00081.wav,Memory,Hank_Williams,Toby_Keith,105,2016,Van_Lear_Rose,country
country.00082.wav,Life_Of_Forever,The_Carter_Family,Tim_McGraw,216,2007,American_Saturday_Night,country
country.00083.wav,Crazy_Story,The_Carter_Family,Tim_McGraw,132,2014,American_Saturday_Night,country
country.00084.wav,I_Know,Hank_Williams,Toby_Keith,107,2009,Van_Lear_Rose,country
country.00085.wav,She_Likes_You,The_Carter_Family,Tim_McGraw,224,2014,American_Saturday_Night,country
country.00086.wav,You're_Amazing,Merle_Haagard,Kenny_Chesney,211,1999,Yankee_Hotel_Foxtrot,country
country.00087.wav,Lose_His_Own,Merle_Haagard,Kenny_Chesney,208,1999,Yankee_Hotel_Foxtrot,country
country.00088.wav,For_The_Memories,Dolly_Parton,George_Strait,189,2009,Blacklisted,country
country.00089.wav,You_Make_Me_Feel_So..,Dolly_Parton,George_Strait,206,2000,Blacklisted,country
country.00090.wav,Think_About_Your_Troubles,The_Carter_Family,Tim_McGraw,224,2007,American_Saturday_Night,country
country.00091.wav,Season_Of_My_Thoughts,Loretta_Lynn,Rascal_Flatts,178,2011,Decoration_Day,country
country.00092.wav,Give_Your_Everything,Dolly_Parton,George_Strait,102,2009,Blacklisted,country
country.00093.wav,Love_Me_Like_I_Love_You,Dolly_Parton,George_Strait,238,2009,Blacklisted,country
country.00094.wav,She_Loves_You,Merle_Haagard,Kenny_Chesney,103,1999,Yankee_Hotel_Foxtrot,country
country.00095.wav,You're_Trouble,Waylon_Jennings,Faith_Hill,214,2011,The_Houston_Kid,country
country.00096.wav,Troubles_Of_His_Eyes,Waylon_Jennings,Faith_Hill,174,2003,The_Houston_Kid,country
country.00097.wav,He's_Crazy,The_Carter_Family,Tim_McGraw,210,2009,American_Saturday_Night,country
country.00098.wav,Power,Waylon_Jennings,Faith_Hill,108,2007,The_Houston_Kid,country
country.00099.wav,Giving_Your_Life,The_Carter_Family,Tim_McGraw,118,2012,American_Saturday_Night,country
disco.00000.wav,Touch,KC_&_The_Sunshine_Band,KC_&_The_Sunshine_Band,157,1999,High_Times,disco
disco.00001.wav,Wait_For_Your_Bed,Kool_&_The_Gang,Kool_&_The_Gang,222,2000,Sidetracked,disco
disco.00002.wav,I_Think_She's_Trouble,KC_&_The_Sunshine_Band,KC_&_The_Sunshine_Band,217,2013,High_Times,disco
disco.00003.wav,Images,Bee_Gees,Bee_Gees,113,2000,Ta-Dah,disco
disco.00004.wav,I_Wish_You_Were_Mine,Gloria_Gaynor,Gloria_Gaynor,233,2011,Expressions,disco
disco.00005.wav,Remember_Me,Gloria_Gaynor,Gloria_Gaynor,126,2010,Expressions,disco
disco.00006.wav,Memories,Gloria_Gaynor,Gloria_Gaynor,238,2003,Expressions,disco
disco.00007.wav,Sleep_In_My_Bed,Kool_&_The_Gang,Kool_&_The_Gang,201,2015,Sidetracked,disco
disco.00008.wav,"Darling,_I_Think_I_Like_You",KC_&_The_Sunshine_Band,KC_&_The_Sunshine_Band,152,2002,High_Times,disco
disco.00009.wav,She_Heard_You're_Trouble,KC_&_The_Sunshine_Band,KC_&_The_Sunshine_Band,234,2012,High_Times,disco
disco.00010.wav,Of_Your_Beauty,Kool_&_The_Gang,Kool_&_The_Gang,95,2014,Sidetracked,disco
disco.00011.wav,Troubles_Of_His_Eyes,Bee_Gees,Bee_Gees,131,2001,Ta-Dah,disco
disco.00012.wav,He_Loves_I'll_Love_You_Forever,Bee_Gees,Bee_Gees,126,2008,Ta-Dah,disco
disco.00013.wav,He_Knows_I_Love_It,Gloria_Gaynor,Gloria_Gaynor,138,2008,Expressions,disco
disco.00014.wav,Choice_For_A_Girl_Like_You,Kool_&_The_Gang,Kool_&_The_Gang,148,2011,Sidetracked,disco
disco.00015.wav,Wait_For_Her_Mind,Donna_Summer,Donna_Summer,112,2013,Hercules_And_Love_Affair,disco
disco.00016.wav,He_Knows_She_Likes_You,KC_&_The_Sunshine_Band,KC_&_The_Sunshine_Band,207,2006,High_Times,disco
disco.00017.wav,Beautiful_Feeling,Kool_&_The_Gang,Kool_&_The_Gang,125,2013,Sidetracked,disco
disco.00018.wav,Heart_Of_What,Donna_Summer,Donna_Summer,118,2000,Hercules_And_Love_Affair,disco
disco.00019.wav,I_Love_You_So,Gloria_Gaynor,Gloria_Gaynor,227,2000,Expressions,disco
disco.00020.wav,"Sweetie,_Take_My_Breath_Away",Bee_Gees,Bee_Gees,98,2012,Ta-Dah,disco
disco.00021.wav,Crazy_Machine,Donna_Summer,Donna_Summer,236,2013,Hercules_And_Love_Affair,disco
disco.00022.wav,Magic_Song,Bee_Gees,Bee_Gees,203,2015,Ta-Dah,disco
disco.00023.wav,He's_Crazy,Donna_Summer,Donna_Summer,115,2015,Hercules_And_Love_Affair,disco
disco.00024.wav,Giving_Your_Life,Gloria_Gaynor,Gloria_Gaynor,120,2003,Expressions,disco
disco.00025.wav,Voice,Gloria_Gaynor,Gloria_Gaynor,141,2001,Expressions,disco
disco.00026.wav,I_Love_He_Loves_You,Donna_Summer,Donna_Summer,127,2016,Hercules_And_Love_Affair,disco
disco.00027.wav,We_Know,Bee_Gees,Bee_Gees,178,2000,Ta-Dah,disco
disco.00028.wav,He_Hopes_He's_A_Troublemaker,KC_&_The_Sunshine_Band,KC_&_The_Sunshine_Band,207,2001,High_Times,disco
disco.00029.wav,Good_Circus,Bee_Gees,Bee_Gees,206,2002,Ta-Dah,disco
disco.00030.wav,Without_You,Donna_Summer,Donna_Summer,188,2015,Hercules_And_Love_Affair,disco
disco.00031.wav,Prayer_For_Two,Gloria_Gaynor,Gloria_Gaynor,194,2013,Expressions,disco
disco.00032.wav,Giving_Your_Life,Gloria_Gaynor,Gloria_Gaynor,212,2015,Expressions,disco
disco.00033.wav,Friends_Of_Diamonds,Bee_Gees,Bee_Gees,233,2011,Ta-Dah,disco
disco.00034.wav,Time_Tales,Gloria_Gaynor,Gloria_Gaynor,182,2007,Expressions,disco
disco.00035.wav,You're_Amazing,Kool_&_The_Gang,Kool_&_The_Gang,148,2004,Sidetracked,disco
disco.00036.wav,Crazy_Machine,Bee_Gees,Bee_Gees,219,2013,Ta-Dah,disco
disco.00037.wav,Place,Donna_Summer,Donna_Summer,195,2013,Hercules_And_Love_Affair,disco
disco.00038.wav,Love_Me,Bee_Gees,Bee_Gees,109,2008,Ta-Dah,disco
disco.00039.wav,Prayer_Of_My_Thoughts,Donna_Summer,Donna_Summer,197,1999,Hercules_And_Love_Affair,disco
disco.00040.wav,You're_Amazing,Donna_Summer,Donna_Summer,174,2007,Hercules_And_Love_Affair,disco
disco.00041.wav,Of_Fame,KC_&_The_Sunshine_Band,KC_&_The_Sunshine_Band,143,2012,High_Times,disco
disco.00042.wav,I_Know,Gloria_Gaynor,Gloria_Gaynor,94,2007,Expressions,disco
disco.00043.wav,Prayer_Of_My_Thoughts,Bee_Gees,Bee_Gees,211,2006,Ta-Dah,disco
disco.00044.wav,Forever,KC_&_The_Sunshine_Band,KC_&_The_Sunshine_Band,191,2002,High_Times,disco
disco.00045.wav,Think_About_My_Inner_Fire,Bee_Gees,Bee_Gees,195,2010,Ta-Dah,disco
disco.00046.wav,Enjoy_Your_Power,Donna_Summer,Donna_Summer,173,2002,Hercules_And_Love_Affair,disco
disco.00047.wav,Of_Fame,Bee_Gees,Bee_Gees,187,2005,Ta-Dah,disco
disco.00048.wav,Smile,Kool_&_The_Gang,Kool_&_The_Gang,170,2000,Sidetracked,disco
disco.00049.wav,For_My_Baby,Gloria_Gaynor,Gloria_Gaynor,219,2005,Expressions,disco
disco.00050.wav,I_Can_Do_This,Kool_&_The_Gang,Kool_&_The_Gang,101,2010,Sidetracked,disco
disco.00051.wav,Legend_Of_Tomorrow,KC_&_The_Sunshine_Band,KC_&_The_Sunshine_Band,171,2014,High_Times,disco
disco.00052.wav,Melody_Of_Style,Kool_&_The_Gang,Kool_&_The_Gang,217,2006,Sidetracked,disco
disco.00053.wav,I'm_In_Love_With_You,Gloria_Gaynor,Gloria_Gaynor,164,2010,Expressions,disco
disco.00054.wav,Light_Of_Midnight,KC_&_The_Sunshine_Band,KC_&_The_Sunshine_Band,112,2011,High_Times,disco
disco.00055.wav,Beautiful_Mind,Bee_Gees,Bee_Gees,106,2011,Ta-Dah,disco
disco.00056.wav,Think_About_Her_Baby,Donna_Summer,Donna_Summer,141,2010,Hercules_And_Love_Affair,disco
disco.00057.wav,Choice_For_A_Girl_Like_You,Gloria_Gaynor,Gloria_Gaynor,197,2008,Expressions,disco
disco.00058.wav,You_Broke_My_Heart,KC_&_The_Sunshine_Band,KC_&_The_Sunshine_Band,231,2016,High_Times,disco
disco.00059.wav,Time_Of_Freedom,Gloria_Gaynor,Gloria_Gaynor,139,2013,Expressions,disco
disco.00060.wav,She_Heard_We're_In_Love,Kool_&_The_Gang,Kool_&_The_Gang,181,2000,Sidetracked,disco
disco.00061.wav,Game,Donna_Summer,Donna_Summer,187,2000,Hercules_And_Love_Affair,disco
disco.00062.wav,Beautiful_Mind,KC_&_The_Sunshine_Band,KC_&_The_Sunshine_Band,166,2004,High_Times,disco
disco.00063.wav,Sure_Mind,Donna_Summer,Donna_Summer,125,2016,Hercules_And_Love_Affair,disco
disco.00064.wav,She_Needs_You,Kool_&_The_Gang,Kool_&_The_Gang,99,2001,Sidetracked,disco
disco.00065.wav,Come_With_Me,KC_&_The_Sunshine_Band,KC_&_The_Sunshine_Band,211,2009,High_Times,disco
disco.00066.wav,Rhythm,Donna_Summer,Donna_Summer,213,2000,Hercules_And_Love_Affair,disco
disco.00067.wav,Sleep_In_My_Bed,Donna_Summer,Donna_Summer,149,2007,Hercules_And_Love_Affair,disco
disco.00068.wav,Melody_Of_Style,Gloria_Gaynor,Gloria_Gaynor,182,2014,Expressions,disco
disco.00069.wav,Of_Something,Kool_&_The_Gang,Kool_&_The_Gang,198,2002,Sidetracked,disco
disco.00070.wav,Crazy_Machine,Bee_Gees,Bee_Gees,183,2016,Ta-Dah,disco
disco.00071.wav,Sleep_In_His_Kiss,KC_&_The_Sunshine_Band,KC_&_The_Sunshine_Band,188,2005,High_Times,disco
disco.00072.wav,Out_Of_Hearts,Kool_&_The_Gang,Kool_&_The_Gang,220,2000,Sidetracked,disco
disco.00073.wav,Sleep_In_His_Kiss,Kool_&_The_Gang,Kool_&_The_Gang,209,2006,Sidetracked,disco
disco.00074.wav,Walk_With_Her_Nude,KC_&_The_Sunshine_Band,KC_&_The_Sunshine_Band,177,2014,High_Times,disco
disco.00075.wav,Belong_To_Your_Power,Gloria_Gaynor,Gloria_Gaynor,181,2010,Expressions,disco
disco.00076.wav,Life,Gloria_Gaynor,Gloria_Gaynor,157,1999,Expressions,disco
disco.00077.wav,I'm_With_You,Donna_Summer,Donna_Summer,194,2014,Hercules_And_Love_Affair,disco
disco.00078.wav,You're_Amazing,Bee_Gees,Bee_Gees,211,2004,Ta-Dah,disco
disco.00079.wav,Game,Gloria_Gaynor,Gloria_Gaynor,153,2005,Expressions,disco
disco.00080.wav,Free_Moves,Donna_Summer,Donna_Summer,101,2009,Hercules_And_Love_Affair,disco
disco.00081.wav,City_Of_A_Stranger,Gloria_Gaynor,Gloria_Gaynor,155,2014,Expressions,disco
disco.00082.wav,Love_Me_Like_I_Love_You,Gloria_Gaynor,Gloria_Gaynor,201,2015,Expressions,disco
disco.00083.wav,Woman_Of_The_World,Bee_Gees,Bee_Gees,200,2006,Ta-Dah,disco
disco.00084.wav,Forget_About_Your_Music,KC_&_The_Sunshine_Band,KC_&_The_Sunshine_Band,169,2002,High_Times,disco
disco.00085.wav,Strings_Of_Tomorrow,Gloria_Gaynor,Gloria_Gaynor,180,2001,Expressions,disco
disco.00086.wav,For_The_Man,Gloria_Gaynor,Gloria_Gaynor,237,2009,Expressions,disco
disco.00087.wav,She_Will_Try,KC_&_The_Sunshine_Band,KC_&_The_Sunshine_Band,212,2002,High_Times,disco
disco.00088.wav,We_Know,Gloria_Gaynor,Gloria_Gaynor,121,2012,Expressions,disco
disco.00089.wav,Home,KC_&_The_Sunshine_Band,KC_&_The_Sunshine_Band,186,2010,High_Times,disco
disco.00090.wav,Whispers_Of_Freedom,Donna_Summer,Donna_Summer,111,2012,Hercules_And_Love_Affair,disco
disco.00091.wav,"Sweetie,_Take_My_Breath_Away",Kool_&_The_Gang,Kool_&_The_Gang,113,2006,Sidetracked,disco
disco.00092.wav,Melody_Of_Style,Bee_Gees,Bee_Gees,137,2010,Ta-Dah,disco
disco.00093.wav,Song,Donna_Summer,Donna_Summer,101,2001,Hercules_And_Love_Affair,disco
disco.00094.wav,Tomorrow,KC_&_The_Sunshine_Band,KC_&_The_Sunshine_Band,227,2016,High_Times,disco
disco.00095.wav,Heart_Of_What,Bee_Gees,Bee_Gees,187,2016,Ta-Dah,disco
disco.00096.wav,I'm_In_Love_With_You,Kool_&_The_Gang,Kool_&_The_Gang,166,2015,Sidetracked,disco
disco.00097.wav,Think_About_Her_Baby,KC_&_The_Sunshine_Band,KC_&_The_Sunshine_Band,114,2014,High_Times,disco
disco.00098.wav,Lazy_Obsession,KC_&_The_Sunshine_Band,KC_&_The_Sunshine_Band,110,2014,High_Times,disco
disco.00099.wav,He_Knows_I_Love_It,Donna_Summer,Donna_Summer,230,2011,Hercules_And_Love_Affair,disco
hiphop.00000.wav,Rhythm,Run-DMC,Camron,182,2012,Shadows_on_the_Sun,hiphop
hiphop.00001.wav,Story_For_Me,MC_Hammer,Nas,224,2005,Original_Pirate_Material,hiphop
hiphop.00002.wav,I_Think_She_Likes_You,Ice_Cube,Nelly,133,2016,Boy_in_da_Corner,hiphop
hiphop.00003.wav,I_Love_You_So,LL_Cool_J,50_Cent,101,2015,Fantastic_Damage,hiphop
hiphop.00004.wav,Life,LL_Cool_J,50_Cent,110,2015,Fantastic_Damage,hiphop
hiphop.00005.wav,Mind,LL_Cool_J,50_Cent,217,2006,Fantastic_Damage,hiphop
hiphop.00006.wav,She_Said_I'll_Love_You_Forever,Run-DMC,Camron,217,2015,Shadows_on_the_Sun,hiphop
hiphop.00007.wav,Dance_Kisses,Run-DMC,Camron,119,2000,Shadows_on_the_Sun,hiphop
hiphop.00008.wav,Remember_Me,Ice_Cube,Nelly,163,2008,Boy_in_da_Corner,hiphop
hiphop.00009.wav,Think_About_My_Inner_Fire,Ice_Cube,Nelly,200,2015,Boy_in_da_Corner,hiphop
hiphop.00010.wav,Forever,Ice_Cube,Nelly,134,2005,Boy_in_da_Corner,hiphop
hiphop.00011.wav,Legend_Of_Tomorrow,Beastie_Boys,Fat_Joe,199,2015,Madvillainy,hiphop
hiphop.00012.wav,I'm_With_You,LL_Cool_J,50_Cent,93,2002,Fantastic_Damage,hiphop
hiphop.00013.wav,Whispers_Of_Freedom,Eminem,Jay-Z,96,2004,Stankonia,hiphop
hiphop.00014.wav,Season_Of_My_Thoughts,Eminem,Jay-Z,149,2006,Stankonia,hiphop
hiphop.00015.wav,"Sweetie,_Stand_By_Me",Eminem,Jay-Z,96,2010,Stankonia,hiphop
hiphop.00016.wav,I_Think_She's_Trouble,Beastie_Boys,Fat_Joe,157,2013,Madvillainy,hiphop
hiphop.00017.wav,Story_For_Me,Beastie_Boys,Fat_Joe,148,2008,Madvillainy,hiphop
hiphop.00018.wav,Fireworks,LL_Cool_J,50_Cent,217,2006,Fantastic_Damage,hiphop
hiphop.00019.wav,Free_Moves,Eminem,Jay-Z,151,2012,Stankonia,hiphop
hiphop.00020.wav,Take_A_Chance_With_Me,MC_Hammer,Nas,190,2000,Original_Pirate_Material,hiphop
hiphop.00021.wav,Choice_For_A_Girl_Like_You,Beastie_Boys,Fat_Joe,228,2014,Madvillainy,hiphop
hiphop.00022.wav,Pretty_Baby,LL_Cool_J,50_Cent,157,2000,Fantastic_Damage,hiphop
hiphop.00023.wav,Last_Mind,Run-DMC,Camron,236,2007,Shadows_on_the_Sun,hiphop
hiphop.00024.wav,Life,Pharrell_Williams,Andre_3000,144,2016,Vaudeville_Villain,hiphop
hiphop.00025.wav,You're_Trouble,Pharrell_Williams,Andre_3000,106,2011,Vaudeville_Villain,hiphop
hiphop.00026.wav,Images,LL_Cool_J,50_Cent,223,2006,Fantastic_Damage,hiphop
hiphop.00027.wav,"Darling,_You're_My_Number_One",MC_Hammer,Nas,103,2001,Original_Pirate_Material,hiphop
hiphop.00028.wav,Remember_His_Affection,MC_Hammer,Nas,240,2007,Original_Pirate_Material,hiphop
hiphop.00029.wav,Love_Me,MC_Hammer,Nas,225,2002,Original_Pirate_Material,hiphop
hiphop.00030.wav,Loving_My_Smile,LL_Cool_J,50_Cent,237,2009,Fantastic_Damage,hiphop
hiphop.00031.wav,Wait_For_Your_Bed,MC_Hammer,Nas,143,2004,Original_Pirate_Material,hiphop
hiphop.00032.wav,She_Hopes_We're_In_Love,Beastie_Boys,Fat_Joe,126,2009,Madvillainy,hiphop
hiphop.00033.wav,Forget_About_My_Own,LL_Cool_J,50_Cent,152,2004,Fantastic_Damage,hiphop
hiphop.00034.wav,"Honey,_You're_My_Number_One",Eminem,Jay-Z,142,2011,Stankonia,hiphop
hiphop.00035.wav,Free_Moves,Ice_Cube,Nelly,139,2010,Boy_in_da_Corner,hiphop
hiphop.00036.wav,Out_Of_Hearts,Run-DMC,Camron,185,2012,Shadows_on_the_Sun,hiphop
hiphop.00037.wav,Sweet_Dreams,MC_Hammer,Nas,111,2007,Original_Pirate_Material,hiphop
hiphop.00038.wav,Tonight,Beastie_Boys,Fat_Joe,157,2005,Madvillainy,hiphop
hiphop.00039.wav,Eyes,LL_Cool_J,50_Cent,182,2006,Fantastic_Damage,hiphop
hiphop.00040.wav,She's_Bad,MC_Hammer,Nas,238,2014,Original_Pirate_Material,hiphop
hiphop.00041.wav,Pretty_Baby,Eminem,Jay-Z,220,2011,Stankonia,hiphop
hiphop.00042.wav,Super_Tomorrow,MC_Hammer,Nas,221,2007,Original_Pirate_Material,hiphop
hiphop.00043.wav,Life_Of_What,Run-DMC,Camron,238,2000,Shadows_on_the_Sun,hiphop
hiphop.00044.wav,Eyes,Eminem,Jay-Z,116,2008,Stankonia,hiphop
hiphop.00045.wav,She_Said_I_Don't_Care,MC_Hammer,Nas,129,2002,Original_Pirate_Material,hiphop
hiphop.00046.wav,"Baby,_You_And_I_Forever",MC_Hammer,Nas,228,2005,Original_Pirate_Material,hiphop
hiphop.00047.wav,Crazy_Story,MC_Hammer,Nas,135,2012,Original_Pirate_Material,hiphop
hiphop.00048.wav,"Sweetie,_Stand_By_Me",Ice_Cube,Nelly,191,2005,Boy_in_da_Corner,hiphop
hiphop.00049.wav,You_Make_Me_Feel_So..,Ice_Cube,Nelly,186,2010,Boy_in_da_Corner,hiphop
hiphop.00050.wav,Season_Of_My_Thoughts,Run-DMC,Camron,94,2014,Shadows_on_the_Sun,hiphop
hiphop.00051.wav,Copy_My_Way,Beastie_Boys,Fat_Joe,152,2010,Madvillainy,hiphop
hiphop.00052.wav,Tonight,Ice_Cube,Nelly,201,2016,Boy_in_da_Corner,hiphop
hiphop.00053.wav,Heart_Of_Dance,LL_Cool_J,50_Cent,160,2006,Fantastic_Damage,hiphop
hiphop.00054.wav,I_Heard_She_Likes_To_Party,Beastie_Boys,Fat_Joe,188,2014,Madvillainy,hiphop
hiphop.00055.wav,Whispers_Of_Freedom,Run-DMC,Camron,173,1999,Shadows_on_the_Sun,hiphop
hiphop.00056.wav,He_Hopes_He_Likes_To_Party,Beastie_Boys,Fat_Joe,231,2014,Madvillainy,hiphop
hiphop.00057.wav,Remember_Me,MC_Hammer,Nas,166,2000,Original_Pirate_Material,hiphop
hiphop.00058.wav,Strings_Of_Tomorrow,MC_Hammer,Nas,148,2001,Original_Pirate_Material,hiphop
hiphop.00059.wav,You're_My_Everything,Eminem,Jay-Z,157,2007,Stankonia,hiphop
hiphop.00060.wav,He_Hopes_He_Doesn't_Care,Beastie_Boys,Fat_Joe,130,2006,Madvillainy,hiphop
hiphop.00061.wav,Out_Of_His_Soul,Beastie_Boys,Fat_Joe,196,2000,Madvillainy,hiphop
hiphop.00062.wav,Think_About_Her_Baby,MC_Hammer,Nas,148,2008,Original_Pirate_Material,hiphop
hiphop.00063.wav,I_Won't_Stop,Run-DMC,Camron,159,2004,Shadows_on_the_Sun,hiphop
hiphop.00064.wav,Remember_His_Affection,LL_Cool_J,50_Cent,153,2005,Fantastic_Damage,hiphop
hiphop.00065.wav,Give_Your_Everything,Pharrell_Williams,Andre_3000,138,2011,Vaudeville_Villain,hiphop
hiphop.00066.wav,Enjoy_Your_Power,LL_Cool_J,50_Cent,142,2002,Fantastic_Damage,hiphop
hiphop.00067.wav,Party_Of_A_Bad_Romance,Pharrell_Williams,Andre_3000,233,2004,Vaudeville_Villain,hiphop
hiphop.00068.wav,I'm_With_You,Pharrell_Williams,Andre_3000,107,2001,Vaudeville_Villain,hiphop
hiphop.00069.wav,"Sweetie,_You_Make_Me_Feel_So..",Run-DMC,Camron,119,2010,Shadows_on_the_Sun,hiphop
hiphop.00070.wav,"Baby,_You_And_I_Forever",Pharrell_Williams,Andre_3000,98,2007,Vaudeville_Villain,hiphop
hiphop.00071.wav,We_Like_To_Party,MC_Hammer,Nas,155,2009,Original_Pirate_Material,hiphop
hiphop.00072.wav,We_Know,MC_Hammer,Nas,137,2016,Original_Pirate_Material,hiphop
hiphop.00073.wav,I_Can_Do_This,Pharrell_Williams,Andre_3000,98,2013,Vaudeville_Villain,hiphop
hiphop.00074.wav,He_Heard_I_Am_Crazy,Pharrell_Williams,Andre_3000,117,2000,Vaudeville_Villain,hiphop
hiphop.00075.wav,Whispers_Of_Freedom,Eminem,Jay-Z,99,2016,Stankonia,hiphop
hiphop.00076.wav,Walk_With_Your_Own,Ice_Cube,Nelly,144,2008,Boy_in_da_Corner,hiphop
hiphop.00077.wav,Top_For_Everything,MC_Hammer,Nas,190,2006,Original_Pirate_Material,hiphop
hiphop.00078.wav,Romance,Beastie_Boys,Fat_Joe,226,2001,Madvillainy,hiphop
hiphop.00079.wav,You're_My_Everything,Beastie_Boys,Fat_Joe,160,2011,Madvillainy,hiphop
hiphop.00080.wav,City_Of_The_Good_Life,Beastie_Boys,Fat_Joe,184,2016,Madvillainy,hiphop
hiphop.00081.wav,"Honey,_You're_My_Number_One",Ice_Cube,Nelly,205,2016,Boy_in_da_Corner,hiphop
hiphop.00082.wav,She_Can_Do_This,Ice_Cube,Nelly,180,2015,Boy_in_da_Corner,hiphop
hiphop.00083.wav,Talk_Of_Fire,Ice_Cube,Nelly,174,2000,Boy_in_da_Corner,hiphop
hiphop.00084.wav,Song,Ice_Cube,Nelly,229,2008,Boy_in_da_Corner,hiphop
hiphop.00085.wav,She_Said_She's_Trouble,Eminem,Jay-Z,118,2015,Stankonia,hiphop
hiphop.00086.wav,Of_Something,Run-DMC,Camron,158,1999,Shadows_on_the_Sun,hiphop
hiphop.00087.wav,Season_Of_My_Thoughts,Beastie_Boys,Fat_Joe,97,2008,Madvillainy,hiphop
hiphop.00088.wav,"Honey,_Set_Me_Free",LL_Cool_J,50_Cent,115,2008,Fantastic_Damage,hiphop
hiphop.00089.wav,For_My_Baby,Pharrell_Williams,Andre_3000,178,2003,Vaudeville_Villain,hiphop
hiphop.00090.wav,Game,Beastie_Boys,Fat_Joe,113,2009,Madvillainy,hiphop
hiphop.00091.wav,Crazy_Machine,Pharrell_Williams,Andre_3000,147,2011,Vaudeville_Villain,hiphop
hiphop.00092.wav,Let's_Go,Pharrell_Williams,Andre_3000,121,2004,Vaudeville_Villain,hiphop
hiphop.00093.wav,Easy_Fireworks,LL_Cool_J,50_Cent,125,2012,Fantastic_Damage,hiphop
hiphop.00094.wav,Story_Of_A_Stranger,Pharrell_Williams,Andre_3000,232,1999,Vaudeville_Villain,hiphop
hiphop.00095.wav,Hometown,LL_Cool_J,50_Cent,114,2009,Fantastic_Damage,hiphop
hiphop.00096.wav,You_Make_Me_Feel_So..,LL_Cool_J,50_Cent,176,2013,Fantastic_Damage,hiphop
hiphop.00097.wav,He_Loves_I_Love_Somebody,LL_Cool_J,50_Cent,232,2004,Fantastic_Damage,hiphop
hiphop.00098.wav,Of_A_Dream,MC_Hammer,Nas,96,2010,Original_Pirate_Material,hiphop
hiphop.00099.wav,Enjoy_Your_Power,LL_Cool_J,50_Cent,120,2001,Fantastic_Damage,hiphop
jazz.00000.wav,Time_Tales,Billie_Holiday,Billie_Holiday,98,2001,Pilgrimage,jazz
jazz.00001.wav,She_Can_Do_This,John_Coltrane,John_Coltrane,220,2015,Footprints_Live!,jazz
jazz.00002.wav,Strings_Of_Tomorrow,John_Coltrane,John_Coltrane,110,2010,Footprints_Live!,jazz
jazz.00003.wav,Easy_Fireworks,Charlie_Parker,Charlie_Parker,185,2000,The_9/11_Concert,jazz
jazz.00004.wav,I'm_A_Troublemaker,Duke_Ellington,Duke_Ellington,110,2010,Black_Stars,jazz
jazz.00005.wav,Fireworks,Billie_Holiday,Billie_Holiday,164,2000,Pilgrimage,jazz
jazz.00006.wav,Game,Louis_Armstrong,Louis_Armstrong,101,2003,Dusk,jazz
jazz.00007.wav,Top_For_Everything,Duke_Ellington,Duke_Ellington,151,2005,Black_Stars,jazz
jazz.00008.wav,I_Like_To_Party,Charlie_Parker,Charlie_Parker,117,2013,The_9/11_Concert,jazz
jazz.00009.wav,You_And_I_Forever,Charlie_Parker,Charlie_Parker,202,2009,The_9/11_Concert,jazz
jazz.00010.wav,"Babe,_I'll_Never_Let_You_Go",Louis_Armstrong,Louis_Armstrong,105,2001,Dusk,jazz
jazz.00011.wav,She_Heard_You're_Trouble,John_Coltrane,John_Coltrane,103,2010,Footprints_Live!,jazz
jazz.00012.wav,Fire,John_Coltrane,John_Coltrane,141,2011,Footprints_Live!,jazz
jazz.00013.wav,She_Heard_You're_Trouble,Louis_Armstrong,Louis_Armstrong,171,2011,Dusk,jazz
jazz.00014.wav,I'm_A_Troublemaker,John_Coltrane,John_Coltrane,90,2015,Footprints_Live!,jazz
jazz.00015.wav,I'm_A_Troublemaker,John_Coltrane,John_Coltrane,236,2013,Footprints_Live!,jazz
jazz.00016.wav,I_Am_Crazy,Louis_Armstrong,Louis_Armstrong,108,2016,Dusk,jazz
jazz.00017.wav,Diamond_Heart,Louis_Armstrong,Louis_Armstrong,109,2001,Dusk,jazz
jazz.00018.wav,Think_About_Her_Baby,Louis_Armstrong,Louis_Armstrong,131,2006,Dusk,jazz
jazz.00019.wav,I_Love_He_Loves_You,Billie_Holiday,Billie_Holiday,221,2011,Pilgrimage,jazz
jazz.00020.wav,Of_Ice,Billie_Holiday,Billie_Holiday,192,2005,Pilgrimage,jazz
jazz.00021.wav,Give_Your_Everything,Ella_Fitzgerald,Ella_Fitzgerald,228,2013,Ivey-Divey,jazz
jazz.00022.wav,Without_You,Ella_Fitzgerald,Ella_Fitzgerald,123,1999,Ivey-Divey,jazz
jazz.00023.wav,Tomorrow,Louis_Armstrong,Louis_Armstrong,119,1999,Dusk,jazz
jazz.00024.wav,Super_Tomorrow,Ella_Fitzgerald,Ella_Fitzgerald,223,2014,Ivey-Divey,jazz
jazz.00025.wav,Man_Money,Ella_Fitzgerald,Ella_Fitzgerald,119,2003,Ivey-Divey,jazz
jazz.00026.wav,Images,Charlie_Parker,Charlie_Parker,166,2005,The_9/11_Concert,jazz
jazz.00027.wav,Strings_Of_Tomorrow,Charlie_Parker,Charlie_Parker,142,2003,The_9/11_Concert,jazz
jazz.00028.wav,Hometown,Louis_Armstrong,Louis_Armstrong,184,2003,Dusk,jazz
jazz.00029.wav,"Honey,_Set_Me_Free",Billie_Holiday,Billie_Holiday,106,2001,Pilgrimage,jazz
jazz.00030.wav,Of_Something,Duke_Ellington,Duke_Ellington,111,2014,Black_Stars,jazz
jazz.00031.wav,Last_Mind,Louis_Armstrong,Louis_Armstrong,225,2003,Dusk,jazz
jazz.00032.wav,Forever,Duke_Ellington,Duke_Ellington,94,2009,Black_Stars,jazz
jazz.00033.wav,Woman_Of_The_World,Billie_Holiday,Billie_Holiday,148,2005,Pilgrimage,jazz
jazz.00034.wav,Eyes,Duke_Ellington,Duke_Ellington,216,2006,Black_Stars,jazz
jazz.00035.wav,Lose_Her_Music,Charlie_Parker,Charlie_Parker,96,2000,The_9/11_Concert,jazz
jazz.00036.wav,Give_Your_Everything,John_Coltrane,John_Coltrane,221,2007,Footprints_Live!,jazz
jazz.00037.wav,I_Will_Try,Ella_Fitzgerald,Ella_Fitzgerald,190,2003,Ivey-Divey,jazz
jazz.00038.wav,"Baby,_Time_After_Time",Charlie_Parker,Charlie_Parker,144,2002,The_9/11_Concert,jazz
jazz.00039.wav,I_Think_She_Likes_You,Duke_Ellington,Duke_Ellington,155,2006,Black_Stars,jazz
jazz.00040.wav,I_Can_Do_This,Louis_Armstrong,Louis_Armstrong,222,2010,Dusk,jazz
jazz.00041.wav,Lazy_Obsession,Louis_Armstrong,Louis_Armstrong,230,2015,Dusk,jazz
jazz.00042.wav,Memories,Billie_Holiday,Billie_Holiday,220,2005,Pilgrimage,jazz
jazz.00043.wav,Remember_Me,Louis_Armstrong,Louis_Armstrong,95,2000,Dusk,jazz
jazz.00044.wav,Prayer_For_Two,John_Coltrane,John_Coltrane,163,2004,Footprints_Live!,jazz
jazz.00045.wav,They_Can't_Hold_Us,Charlie_Parker,Charlie_Parker,141,2002,The_9/11_Concert,jazz
jazz.00046.wav,Of_Something,Ella_Fitzgerald,Ella_Fitzgerald,218,2009,Ivey-Divey,jazz
jazz.00047.wav,Song_Of_The_Ages,Ella_Fitzgerald,Ella_Fitzgerald,156,2012,Ivey-Divey,jazz
jazz.00048.wav,Voice,Charlie_Parker,Charlie_Parker,99,2015,The_9/11_Concert,jazz
jazz.00049.wav,Smiles_Of_Old,Louis_Armstrong,Louis_Armstrong,192,2010,Dusk,jazz
jazz.00050.wav,Story_For_Me,Charlie_Parker,Charlie_Parker,111,2000,The_9/11_Concert,jazz
jazz.00051.wav,Troubles_Of_His_Eyes,Duke_Ellington,Duke_Ellington,100,2013,Black_Stars,jazz
jazz.00052.wav,Stranger_Of_The_Good_Life,Ella_Fitzgerald,Ella_Fitzgerald,235,2005,Ivey-Divey,jazz
jazz.00053.wav,I_Like_To_Party,Charlie_Parker,Charlie_Parker,176,2004,The_9/11_Concert,jazz
jazz.00054.wav,Wait_For_Her_Mind,Thelonious_Monk,Thelonious_Monk,237,2000,Earfood,jazz
jazz.00055.wav,Give_His_Memory,Ella_Fitzgerald,Ella_Fitzgerald,182,2007,Ivey-Divey,jazz
jazz.00056.wav,Lazy_Fever,Duke_Ellington,Duke_Ellington,207,2009,Black_Stars,jazz
jazz.00057.wav,I'm_A_Troublemaker,Louis_Armstrong,Louis_Armstrong,177,2011,Dusk,jazz
jazz.00058.wav,Lazy_Fever,John_Coltrane,John_Coltrane,123,1999,Footprints_Live!,jazz
jazz.00059.wav,City_Of_A_Stranger,Duke_Ellington,Duke_Ellington,207,2002,Black_Stars,jazz
jazz.00060.wav,For_My_Baby,Louis_Armstrong,Louis_Armstrong,114,2011,Dusk,jazz
jazz.00061.wav,I_Heard_She_Likes_To_Party,Ella_Fitzgerald,Ella_Fitzgerald,104,2014,Ivey-Divey,jazz
jazz.00062.wav,Melody_Of_Style,Louis_Armstrong,Louis_Armstrong,146,2011,Dusk,jazz
jazz.00063.wav,I_Think_She's_Trouble,Ella_Fitzgerald,Ella_Fitzgerald,146,2002,Ivey-Divey,jazz
jazz.00064.wav,He's_Crazy,Duke_Ellington,Duke_Ellington,158,2005,Black_Stars,jazz
jazz.00065.wav,Lazy_Obsession,Billie_Holiday,Billie_Holiday,94,2002,Pilgrimage,jazz
jazz.00066.wav,I'm_With_You,Thelonious_Monk,Thelonious_Monk,206,2003,Earfood,jazz
jazz.00067.wav,Dance_Kisses,Thelonious_Monk,Thelonious_Monk,124,2010,Earfood,jazz
jazz.00068.wav,He_Hopes_She_Can_Do_This,Billie_Holiday,Billie_Holiday,228,2015,Pilgrimage,jazz
jazz.00069.wav,"Baby,_You_And_I_Forever",Louis_Armstrong,Louis_Armstrong,179,2001,Dusk,jazz
jazz.00070.wav,You_Broke_My_Heart,Duke_Ellington,Duke_Ellington,102,2010,Black_Stars,jazz
jazz.00071.wav,Think_About_My_Inner_Fire,John_Coltrane,John_Coltrane,110,2009,Footprints_Live!,jazz
jazz.00072.wav,Forget_About_My_Own,Ella_Fitzgerald,Ella_Fitzgerald,106,2003,Ivey-Divey,jazz
jazz.00073.wav,She_Heard_We're_In_Love,John_Coltrane,John_Coltrane,227,2000,Footprints_Live!,jazz
jazz.00074.wav,Song_Of_The_Ages,Louis_Armstrong,Louis_Armstrong,224,2013,Dusk,jazz
jazz.00075.wav,He_Heard_I_Am_Crazy,Thelonious_Monk,Thelonious_Monk,119,1999,Earfood,jazz
jazz.00076.wav,Love_Me_Like_I_Love_You,Louis_Armstrong,Louis_Armstrong,116,2003,Dusk,jazz
jazz.00077.wav,He_Thinks_He_Can_Do_This,John_Coltrane,John_Coltrane,173,2008,Footprints_Live!,jazz
jazz.00078.wav,Legend_Of_Tomorrow,Louis_Armstrong,Louis_Armstrong,214,2016,Dusk,jazz
jazz.00079.wav,Of_Ice,Billie_Holiday,Billie_Holiday,189,2001,Pilgrimage,jazz
jazz.00080.wav,"Baby,_You_And_I_Forever",Thelonious_Monk,Thelonious_Monk,166,2002,Earfood,jazz
jazz.00081.wav,Love_Her_Arms,Thelonious_Monk,Thelonious_Monk,180,2010,Earfood,jazz
jazz.00082.wav,Forever,Duke_Ellington,Duke_Ellington,108,2007,Black_Stars,jazz
jazz.00083.wav,Let's_Party,Duke_Ellington,Duke_Ellington,123,2010,Black_Stars,jazz
jazz.00084.wav,Fantastic_Power,Billie_Holiday,Billie_Holiday,156,2013,Pilgrimage,jazz
jazz.00085.wav,We_Like_To_Party,Duke_Ellington,Duke_Ellington,132,2003,Black_Stars,jazz
jazz.00086.wav,Season_Of_My_Thoughts,Billie_Holiday,Billie_Holiday,180,2010,Pilgrimage,jazz
jazz.00087.wav,Place,Duke_Ellington,Duke_Ellington,99,2004,Black_Stars,jazz
jazz.00088.wav,Of_Your_Beauty,Billie_Holiday,Billie_Holiday,94,2007,Pilgrimage,jazz
jazz.00089.wav,Change_My_Memory,Thelonious_Monk,Thelonious_Monk,120,2006,Earfood,jazz
jazz.00090.wav,Tonight's_The_Night,Duke_Ellington,Duke_Ellington,145,2006,Black_Stars,jazz
jazz.00091.wav,Of_Fame,Thelonious_Monk,Thelonious_Monk,230,2006,Earfood,jazz
jazz.00092.wav,Heart_Of_Dance,John_Coltrane,John_Coltrane,143,1999,Footprints_Live!,jazz
jazz.00093.wav,Life,Ella_Fitzgerald,Ella_Fitzgerald,93,2010,Ivey-Divey,jazz
jazz.00094.wav,Woman_Of_The_World,Thelonious_Monk,Thelonious_Monk,221,2008,Earfood,jazz
jazz.00095.wav,Place,Ella_Fitzgerald,Ella_Fitzgerald,228,2016,Ivey-Divey,jazz
jazz.00096.wav,Lose_His_Own,Billie_Holiday,Billie_Holiday,142,2005,Pilgrimage,jazz
jazz.00097.wav,Memory,Louis_Armstrong,Louis_Armstrong,230,2012,Dusk,jazz
jazz.00098.wav,Of_Your_Beauty,Thelonious_Monk,Thelonious_Monk,95,2000,Earfood,jazz
jazz.00099.wav,Love_Me_Like_I_Love_You,Billie_Holiday,Billie_Holiday,117,2004,Pilgrimage,jazz
metal.00000.wav,Enjoy_Your_Power,Slipknot,Slipknot,212,2016,Twilight_of_Thunder_God,metal
metal.00001.wav,Crazy_Machine,Avenged_Sevenfold,Avenged_Sevenfold,206,2006,The_Devil_You_Know,metal
metal.00002.wav,Flight_of_Icarus,Iron_Maiden,Iron_Maiden,95,2001,Ashes_Of_The_Wake,metal
metal.00003.wav,Think_About_Her_Baby,Slipknot,Slipknot,106,2002,Twilight_of_Thunder_God,metal
metal.00004.wav,Golden_Moves,Iron_Maiden,Iron_Maiden,141,2012,Ashes_Of_The_Wake,metal
metal.00005.wav,Diamond_Heart,Lamb_of_God,Lamb_of_God,148,2015,Holy_Wood,metal
metal.00006.wav,"Sweetie,_Stand_By_Me",Queen,Queen,193,2002,Chocolate_Starfish,metal
metal.00007.wav,Of_Mirrors,Motorhead,Motorhead,164,2007,The_Arockalypse,metal
metal.00008.wav,She_Can_Do_This,System_of_a_Down,System_of_a_Down,238,2009,Midian,metal
metal.00009.wav,Of_Your_Beauty,Avenged_Sevenfold,Avenged_Sevenfold,167,2001,The_Devil_You_Know,metal
metal.00010.wav,Whispers_Of_Anything,System_of_a_Down,System_of_a_Down,103,2008,Midian,metal
metal.00011.wav,They_Can't_Hold_Us,System_of_a_Down,System_of_a_Down,117,2016,Midian,metal
metal.00012.wav,ift_Of_More,Avenged_Sevenfold,Avenged_Sevenfold,157,2008,The_Devil_You_Know,metal
metal.00013.wav,Think_About_My_Inner_Fire,Avenged_Sevenfold,Avenged_Sevenfold,116,2014,The_Devil_You_Know,metal
metal.00014.wav,Romance,System_of_a_Down,System_of_a_Down,176,2005,Midian,metal
metal.00015.wav,Heart_Of_What,Lamb_of_God,Lamb_of_God,234,2001,Holy_Wood,metal
metal.00016.wav,Heart_Of_What,Iron_Maiden,Iron_Maiden,174,2000,Ashes_Of_The_Wake,metal
metal.00017.wav,She's_Bad,Slipknot,Slipknot,184,2003,Twilight_of_Thunder_God,metal
metal.00018.wav,Story_For_Me,Motorhead,Motorhead,169,2003,The_Arockalypse,metal
metal.00019.wav,For_My_Baby,Avenged_Sevenfold,Avenged_Sevenfold,96,2015,The_Devil_You_Know,metal
metal.00020.wav,Fireworks,System_of_a_Down,System_of_a_Down,139,2006,Midian,metal
metal.00021.wav,Woman_Of_The_World,Iron_Maiden,Iron_Maiden,156,2014,Ashes_Of_The_Wake,metal
metal.00022.wav,Memories,Motorhead,Motorhead,167,2001,The_Arockalypse,metal
metal.00023.wav,Love_Your_Own,System_of_a_Down,System_of_a_Down,143,1999,Midian,metal
metal.00024.wav,Troubles_Of_His_Eyes,Queen,Queen,215,2014,Chocolate_Starfish,metal
metal.00025.wav,Walk_With_My_Time,Lamb_of_God,Lamb_of_God,152,2013,Holy_Wood,metal
metal.00026.wav,Friends_Of_Diamonds,Lamb_of_God,Lamb_of_God,224,2014,Holy_Wood,metal
metal.00027.wav,Without_You,Slipknot,Slipknot,115,2004,Twilight_of_Thunder_God,metal
metal.00028.wav,Ace_of_Spades,Motorhead ,Motorhead ,219,2000,The_Arockalypse,metal
metal.00029.wav,I_Love_You_So,Queen,Queen,213,2004,Chocolate_Starfish,metal
metal.00030.wav,Forget_About_My_Own,Avenged_Sevenfold,Avenged_Sevenfold,218,2006,The_Devil_You_Know,metal
metal.00031.wav,Of_Something,Avenged_Sevenfold,Avenged_Sevenfold,214,2013,The_Devil_You_Know,metal
metal.00032.wav,We're_Crazy,Lamb_of_God,Lamb_of_God,121,2010,Holy_Wood,metal
metal.00033.wav,Whispers_Of_Anything,System_of_a_Down,System_of_a_Down,239,2008,Midian,metal
metal.00034.wav,Place,Slipknot,Slipknot,127,2005,Twilight_of_Thunder_God,metal
metal.00035.wav,Love_Me_Like_I_Love_You,Lamb_of_God,Lamb_of_God,105,2010,Holy_Wood,metal
metal.00036.wav,Love_Me,Avenged_Sevenfold,Avenged_Sevenfold,130,2005,The_Devil_You_Know,metal
metal.00037.wav,They_Can't_Hold_Us_Down,Lamb_of_God,Lamb_of_God,136,1999,Holy_Wood,metal
metal.00038.wav,Out_Of_Hearts,Motorhead,Motorhead,128,2001,The_Arockalypse,metal
metal.00039.wav,Memories,Iron_Maiden,Iron_Maiden,95,2003,Ashes_Of_The_Wake,metal
metal.00040.wav,"Honey,_I_Waited_For_You",Slipknot,Slipknot,188,2006,Twilight_of_Thunder_God,metal
metal.00041.wav,Smile,Avenged_Sevenfold,Avenged_Sevenfold,166,2007,The_Devil_You_Know,metal
metal.00042.wav,Heart_Of_Dance,Slipknot,Slipknot,189,2000,Twilight_of_Thunder_God,metal
metal.00043.wav,Without_You,Queen,Queen,118,2015,Chocolate_Starfish,metal
metal.00044.wav,Giving_Your_Life,Motorhead,Motorhead,102,2011,The_Arockalypse,metal
metal.00045.wav,Good_Circus,Motorhead,Motorhead,219,2000,The_Arockalypse,metal
metal.00046.wav,Friends_Of_Diamonds,Lamb_of_God,Lamb_of_God,230,2008,Holy_Wood,metal
metal.00047.wav,Free_Moves,Iron_Maiden,Iron_Maiden,160,2000,Ashes_Of_The_Wake,metal
metal.00048.wav,World,Motorhead,Motorhead,113,2009,The_Arockalypse,metal
metal.00049.wav,Fire,Motorhead,Motorhead,150,2006,The_Arockalypse,metal
metal.00050.wav,Hard_Dreams,Avenged_Sevenfold,Avenged_Sevenfold,193,2003,The_Devil_You_Know,metal
metal.00051.wav,Forget_About_My_Own,Motorhead,Motorhead,200,2014,The_Arockalypse,metal
metal.00052.wav,She_Heard_I_Can_Do_This,Slipknot,Slipknot,169,2004,Twilight_of_Thunder_God,metal
metal.00053.wav,I_Think_She_Likes_You,Motorhead,Motorhead,152,2008,The_Arockalypse,metal
metal.00054.wav,City_Of_The_Good_Life,Avenged_Sevenfold,Avenged_Sevenfold,192,2000,The_Devil_You_Know,metal
metal.00055.wav,Of_What,Lamb_of_God,Lamb_of_God,166,2001,Holy_Wood,metal
metal.00056.wav,Cling_To_My_Kiss,Lamb_of_God,Lamb_of_God,182,2000,Holy_Wood,metal
metal.00057.wav,Broken_Tales,Slipknot,Slipknot,163,2016,Twilight_of_Thunder_God,metal
metal.00058.wav,Stranger_Of_Power,Iron_Maiden,Iron_Maiden,196,1999,Ashes_Of_The_Wake,metal
metal.00059.wav,Tear_it_Up,Queen ,Queen ,196,2005,Chocolate_Starfish,metal
metal.00060.wav,Midnight_Forever,Queen,Queen,93,2004,Chocolate_Starfish,metal
metal.00061.wav,City_Of_The_Good_Life,Queen,Queen,186,2009,Chocolate_Starfish,metal
metal.00062.wav,Giving_Your_Life,Avenged_Sevenfold,Avenged_Sevenfold,190,1999,The_Devil_You_Know,metal
metal.00063.wav,Memory,Queen,Queen,195,2007,Chocolate_Starfish,metal
metal.00064.wav,She_Loves_You,Lamb_of_God,Lamb_of_God,144,2004,Holy_Wood,metal
metal.00065.wav,Tonight's_The_Night,Avenged_Sevenfold,Avenged_Sevenfold,198,2016,The_Devil_You_Know,metal
metal.00066.wav,"Baby,_Time_After_Time",Queen,Queen,235,2009,Chocolate_Starfish,metal
metal.00067.wav,Reach_For_His_Eyes,Avenged_Sevenfold,Avenged_Sevenfold,135,2012,The_Devil_You_Know,metal
metal.00068.wav,She_Loves_You,System_of_a_Down,System_of_a_Down,136,2000,Midian,metal
metal.00069.wav,"Honey,_I_Waited_For_You",System_of_a_Down,System_of_a_Down,237,2004,Midian,metal
metal.00070.wav,He's_Crazy,Iron_Maiden,Iron_Maiden,150,2004,Ashes_Of_The_Wake,metal
metal.00071.wav,"Babe,_You_And_I_Forever",Iron_Maiden,Iron_Maiden,132,2002,Ashes_Of_The_Wake,metal
metal.00072.wav,I'm_A_Troublemaker,Lamb_of_God,Lamb_of_God,157,2008,Holy_Wood,metal
metal.00073.wav,He_Hopes_She_Can_Do_This,Lamb_of_God,Lamb_of_God,199,2008,Holy_Wood,metal
metal.00074.wav,They_Can't_Hold_Us,Motorhead,Motorhead,154,2012,The_Arockalypse,metal
metal.00075.wav,Pretty_Circus,Avenged_Sevenfold,Avenged_Sevenfold,212,2008,The_Devil_You_Know,metal
metal.00076.wav,Light_Forever,System_of_a_Down,System_of_a_Down,123,2006,Midian,metal
metal.00077.wav,City_Of_A_Stranger,Avenged_Sevenfold,Avenged_Sevenfold,101,2013,The_Devil_You_Know,metal
metal.00078.wav,Give_Your_Everything,System_of_a_Down,System_of_a_Down,237,2015,Midian,metal
metal.00079.wav,"Honey,_Wait_And_See",Iron_Maiden,Iron_Maiden,155,2000,Ashes_Of_The_Wake,metal
metal.00080.wav,Give_His_Memory,Lamb_of_God,Lamb_of_God,229,2014,Holy_Wood,metal
metal.00081.wav,"Darling,_You're_Amazing",System_of_a_Down,System_of_a_Down,148,2016,Midian,metal
metal.00082.wav,Of_The_City,Queen,Queen,184,2002,Chocolate_Starfish,metal
metal.00083.wav,"Darling,_Let's_Start_This_Party",Avenged_Sevenfold,Avenged_Sevenfold,135,2002,The_Devil_You_Know,metal
metal.00084.wav,Good_Circus,Queen,Queen,106,2009,Chocolate_Starfish,metal
metal.00085.wav,Eyes,Avenged_Sevenfold,Avenged_Sevenfold,129,2004,The_Devil_You_Know,metal
metal.00086.wav,You're_Trouble,Avenged_Sevenfold,Avenged_Sevenfold,136,2009,The_Devil_You_Know,metal
metal.00087.wav,I_Think_She_Likes_You,System_of_a_Down,System_of_a_Down,156,2016,Midian,metal
metal.00088.wav,I_Need_Your_Love,System_of_a_Down,System_of_a_Down,171,2007,Midian,metal
metal.00089.wav,He_Knows_She_Likes_You,Lamb_of_God,Lamb_of_God,218,2016,Holy_Wood,metal
metal.00090.wav,You're_Amazing,Avenged_Sevenfold,Avenged_Sevenfold,224,2007,The_Devil_You_Know,metal
metal.00091.wav,Loving_My_Smile,Motorhead,Motorhead,107,2016,The_Arockalypse,metal
metal.00092.wav,Lazy_Obsession,Avenged_Sevenfold,Avenged_Sevenfold,211,2005,The_Devil_You_Know,metal
metal.00093.wav,For_My_Baby,Avenged_Sevenfold,Avenged_Sevenfold,224,2010,The_Devil_You_Know,metal
metal.00094.wav,You're_My_World,System_of_a_Down,System_of_a_Down,200,2004,Midian,metal
metal.00095.wav,Place,Lamb_of_God,Lamb_of_God,217,2005,Holy_Wood,metal
metal.00096.wav,Crazy_Machine,Slipknot,Slipknot,225,2015,Twilight_of_Thunder_God,metal
metal.00097.wav,Heart_Of_Dance,Iron_Maiden,Iron_Maiden,109,2000,Ashes_Of_The_Wake,metal
metal.00098.wav,He_Thinks_He_Can_Do_This,System_of_a_Down,System_of_a_Down,191,2015,Midian,metal
metal.00099.wav,Forget_About_Your_Music,Avenged_Sevenfold,Avenged_Sevenfold,219,2011,The_Devil_You_Know,metal
pop.00000.wav,Crazy_Machine,Eminem,Eminem,141,2007,Arular,pop
pop.00001.wav,I_Love_He_Loves_You,Eminem,Eminem,91,2013,Arular,pop
pop.00002.wav,Power,Beyonce,Beyonce,121,2011,Greatest_Hits,pop
pop.00003.wav,Of_The_City,Jennifer_Lopez,Jennifer_Lopez,179,2015,Robyn,pop
pop.00004.wav,"Honey,_You're_My_Number_One",Jennifer_Lopez,Jennifer_Lopez,102,2009,Robyn,pop
pop.00005.wav,Sing_With_Me,Justin_Timberlake,Justin_Timberlake,229,2008,Night_Drive,pop
pop.00006.wav,They_Can't_Hold_Us_Down,Eminem,Eminem,185,2004,Arular,pop
pop.00007.wav,She_Loves_You,Eminem,Eminem,90,2009,Arular,pop
pop.00008.wav,Good_Circus,Beyonce,Beyonce,111,2000,Greatest_Hits,pop
pop.00009.wav,Tonight,Beyonce,Beyonce,102,2007,Greatest_Hits,pop
pop.00010.wav,She's_Bad,Justin_Timberlake,Justin_Timberlake,108,2000,Night_Drive,pop
pop.00011.wav,I_Think_She_Likes_You,Justin_Timberlake,Justin_Timberlake,101,2015,Night_Drive,pop
pop.00012.wav,Broken_Tales,Beyonce,Beyonce,102,2004,Greatest_Hits,pop
pop.00013.wav,Change_My_Memory,Eminem,Eminem,217,2006,Arular,pop
pop.00014.wav,"Babe,_I'll_Never_Let_You_Go",Jennifer_Lopez,Jennifer_Lopez,201,2003,Robyn,pop
pop.00015.wav,Think_About_Her_Baby,Mandy_Moore,Mandy_Moore,182,2011,Bitte_Orca,pop
pop.00016.wav,We_Know,Britney_Spears,Britney_Spears,203,2013,The_Singles_Collection,pop
pop.00017.wav,Forever,Britney_Spears,Britney_Spears,117,2001,The_Singles_Collection,pop
pop.00018.wav,Midnight_Forever,Britney_Spears,Britney_Spears,107,2003,The_Singles_Collection,pop
pop.00019.wav,Hit_me_baby_one_more_time,Britney_Spears,Britney Spears,229,2014,The_Singles_Collection,pop
pop.00020.wav,We_Like_To_Party,Mandy_Moore,Mandy_Moore,172,2008,Bitte_Orca,pop
pop.00021.wav,"Baby,_Remember_The_Times",Kanye_West,Kanye_West,173,2011,Vespertine,pop
pop.00022.wav,"Darling,_Let's_Start_This_Party",Kanye_West,Kanye_West,224,2001,Vespertine,pop
pop.00023.wav,I'm_so_curious_(2009_remaster),Britney_Spears,Britney_Spears,190,2004,The_Singles_Collection,pop
pop.00024.wav,Tonight,Justin_Timberlake,Justin_Timberlake,148,2015,Night_Drive,pop
pop.00025.wav,He_Loves_I'll_Love_You_Forever,Justin_Timberlake,Justin_Timberlake,220,2012,Night_Drive,pop
pop.00026.wav,Belong_To_Your_Power,Eminem,Eminem,126,2004,Arular,pop
pop.00027.wav,He_Thinks_He's_A_Troublemaker,Mandy_Moore,Mandy_Moore,140,2008,Bitte_Orca,pop
pop.00028.wav,Song,Beyonce,Beyonce,207,2016,Greatest_Hits,pop
pop.00029.wav,Of_Your_Beauty,Jennifer_Lopez,Jennifer_Lopez,103,2015,Robyn,pop
pop.00030.wav,Sleep_In_His_Kiss,Jennifer_Lopez,Jennifer_Lopez,103,2003,Robyn,pop
pop.00031.wav,"Baby,_Let's_Go_Wild",Beyonce,Beyonce,238,2006,Greatest_Hits,pop
pop.00032.wav,Smiles_Of_Old,Justin_Timberlake,Justin_Timberlake,144,2006,Night_Drive,pop
pop.00033.wav,He's_Crazy,Eminem,Eminem,164,2005,Arular,pop
pop.00034.wav,Sometimes,Britney_Spears,Britney_Spears,112,2009,The_Singles_Collection,pop
pop.00035.wav,Home,Jennifer_Lopez,Jennifer_Lopez,188,2006,Robyn,pop
pop.00036.wav,Lose_Her_Music,Justin_Timberlake,Justin_Timberlake,216,2007,Night_Drive,pop
pop.00037.wav,Sweet_Dreams,Justin_Timberlake,Justin_Timberlake,117,2009,Night_Drive,pop
pop.00038.wav,ift_Of_More,Jennifer_Lopez,Jennifer_Lopez,222,2011,Robyn,pop
pop.00039.wav,Tonight,Kanye_West,Kanye_West,179,2012,Vespertine,pop
pop.00040.wav,I'm_With_You,Jennifer_Lopez,Jennifer_Lopez,135,2009,Robyn,pop
pop.00041.wav,Reach_For_His_Eyes,Kanye_West,Kanye_West,164,2001,Vespertine,pop
pop.00042.wav,Pretty_Baby,Beyonce,Beyonce,131,2015,Greatest_Hits,pop
pop.00043.wav,Story_Of_A_Stranger,Beyonce,Beyonce,95,2016,Greatest_Hits,pop
pop.00044.wav,She_Hopes_We're_In_Love,Beyonce,Beyonce,174,2013,Greatest_Hits,pop
pop.00045.wav,Sing_With_Me,Britney_Spears,Britney_Spears,128,2006,The_Singles_Collection,pop
pop.00046.wav,Affection,Eminem,Eminem,104,2004,Arular,pop
pop.00047.wav,Easy_Fireworks,Britney_Spears,Britney_Spears,235,1999,The_Singles_Collection,pop
pop.00048.wav,Tonight,Jennifer_Lopez,Jennifer_Lopez,115,2016,Robyn,pop
pop.00049.wav,Lose_Her_Music,Eminem,Eminem,205,2012,Arular,pop
pop.00050.wav,Light_Of_Midnight,Eminem,Eminem,224,2003,Arular,pop
pop.00051.wav,Whispers_Of_Freedom,Eminem,Eminem,155,2006,Arular,pop
pop.00052.wav,I'm_A_Troublemaker,Justin_Timberlake,Justin_Timberlake,183,2016,Night_Drive,pop
pop.00053.wav,Love_Me_Like_I_Love_You,Mandy_Moore,Mandy_Moore,239,2000,Bitte_Orca,pop
pop.00054.wav,Images,Mandy_Moore,Mandy_Moore,109,2004,Bitte_Orca,pop
pop.00055.wav,Golden_Moves,Britney_Spears,Britney_Spears,129,2000,The_Singles_Collection,pop
pop.00056.wav,She_Heard_We're_In_Love,Britney_Spears,Britney_Spears,142,2004,The_Singles_Collection,pop
pop.00057.wav,"Baby,_Time_After_Time",Britney_Spears,Britney_Spears,202,2011,The_Singles_Collection,pop
pop.00058.wav,Love_Her_Arms,Beyonce,Beyonce,126,2013,Greatest_Hits,pop
pop.00059.wav,You're_My_World,Beyonce,Beyonce,165,2016,Greatest_Hits,pop
pop.00060.wav,"Sweetie,_You_Make_Me_Feel_So..",Eminem,Eminem,137,2012,Arular,pop
pop.00061.wav,Song,Eminem,Eminem,163,2001,Arular,pop
pop.00062.wav,She_Likes_You,Kanye_West,Kanye_West,166,2002,Vespertine,pop
pop.00063.wav,Affection,Eminem,Eminem,149,2016,Arular,pop
pop.00064.wav,Heart,Mandy_Moore,Mandy_Moore,182,2009,Bitte_Orca,pop
pop.00065.wav,Prayer_For_Two,Justin_Timberlake,Justin_Timberlake,122,2003,Night_Drive,pop
pop.00066.wav,Come_With_Me,Justin_Timberlake,Justin_Timberlake,172,2011,Night_Drive,pop
pop.00067.wav,Dance_Kisses,Kanye_West,Kanye_West,117,2013,Vespertine,pop
pop.00068.wav,He_Knows_They_Can't_Hold_Us_Down,Kanye_West,Kanye_West,185,2005,Vespertine,pop
pop.00069.wav,"Baby,_Let's_Go_Wild",Kanye_West,Kanye_West,210,2011,Vespertine,pop
pop.00070.wav,He_Heard_I_Am_Crazy,Jennifer_Lopez,Jennifer_Lopez,210,2003,Robyn,pop
pop.00071.wav,"Darling,_I_Think_I_Like_You",Justin_Timberlake,Justin_Timberlake,195,2004,Night_Drive,pop
pop.00072.wav,Heart,Justin_Timberlake,Justin_Timberlake,98,2011,Night_Drive,pop
pop.00073.wav,Stranger_Of_The_Good_Life,Mandy_Moore,Mandy_Moore,202,2005,Bitte_Orca,pop
pop.00074.wav,I_Won't_Stop,Justin_Timberlake,Justin_Timberlake,135,2006,Night_Drive,pop
pop.00075.wav,Remember_His_Affection,Eminem,Eminem,189,2005,Arular,pop
pop.00076.wav,You_Broke_My_Heart,Mandy_Moore,Mandy_Moore,196,1999,Bitte_Orca,pop
pop.00077.wav,She_Said_I_Don't_Care,Jennifer_Lopez,Jennifer_Lopez,115,2014,Robyn,pop
pop.00078.wav,Play,Jennifer_Lopez,Jennifer_Lopez,221,2012,Robyn,pop
pop.00079.wav,He_Hopes_He's_A_Troublemaker,Jennifer_Lopez,Jennifer_Lopez,132,1999,Robyn,pop
pop.00080.wav,Top_For_Everything,Beyonce,Beyonce,205,2005,Greatest_Hits,pop
pop.00081.wav,She_Said_She_Likes_You,Beyonce,Beyonce,218,2013,Greatest_Hits,pop
pop.00082.wav,Of_The_City,Beyonce,Beyonce,136,2002,Greatest_Hits,pop
pop.00083.wav,Magic_Song,Eminem,Eminem,163,1999,Arular,pop
pop.00084.wav,Think_About_Her_Baby,Beyonce,Beyonce,234,2008,Greatest_Hits,pop
pop.00085.wav,Free_Moves,Eminem,Eminem,205,1999,Arular,pop
pop.00086.wav,ift_Of_More,Jennifer_Lopez,Jennifer_Lopez,176,2004,Robyn,pop
pop.00087.wav,Giving_Your_Life,Mandy_Moore,Mandy_Moore,140,2010,Bitte_Orca,pop
pop.00088.wav,Candy,Mandy_Moore,Mandy_Moore,153,2006,Bitte_Orca,pop
pop.00089.wav,Get_Out,Justin_Timberlake,Justin_Timberlake,118,2013,Night_Drive,pop
pop.00090.wav,I_Can_Do_This,Mandy_Moore,Mandy_Moore,95,2004,Bitte_Orca,pop
pop.00091.wav,Everything_my_heart_desires,Mandy_Moore,Mandy_Moore,230,1999,Bitte_Orca,pop
pop.00092.wav,For_My_Baby,Beyonce,Beyonce,150,2007,Greatest_Hits,pop
pop.00093.wav,She_Can_Do_This,Justin_Timberlake,Justin_Timberlake,159,2006,Night_Drive,pop
pop.00094.wav,Male_Secrets,Beyonce,Beyonce,131,2004,Greatest_Hits,pop
pop.00095.wav,You're_My_World,Eminem,Eminem,188,2000,Arular,pop
pop.00096.wav,Life_Of_Forever,Britney_Spears,Britney_Spears,143,2005,The_Singles_Collection,pop
pop.00097.wav,Belong_To_Your_Power,Justin_Timberlake,Justin_Timberlake,144,2003,Night_Drive,pop
pop.00098.wav,You're_My_World,Kanye_West,Kanye_West,121,2001,Vespertine,pop
pop.00099.wav,I'm_A_Troublemaker,Kanye_West,Kanye_West,229,2015,Vespertine,pop
reggae.00000.wav,Wait_For_Your_Bed,Bob_Marley,Bob_Marley,112,2012,Welcome_to_Jamrock,reggae
reggae.00001.wav,Top_For_Everything,Toots_Hibbert,Toots_Hibbert,134,2010,"Alright,_Still",reggae
reggae.00002.wav,Tonight,Toots_Hibbert,Toots_Hibbert,116,2004,"Alright,_Still",reggae
reggae.00003.wav,For_The_Man,Bob_Marley,Bob_Marley,126,2012,Welcome_to_Jamrock,reggae
reggae.00004.wav,Sweet_Dreams,Bunny_Rugs,Bunny_Rugs,216,2002,Shine,reggae
reggae.00005.wav,He_Hopes_He's_A_Troublemaker,Winston_Rodney,Winston_Rodney,202,2002,Gorillaz,reggae
reggae.00006.wav,Game,Bob_Marley,Bob_Marley,161,2009,Welcome_to_Jamrock,reggae
reggae.00007.wav,Sure_Mind,Bob_Marley,Bob_Marley,216,1999,Welcome_to_Jamrock,reggae
reggae.00008.wav,Song,Bob_Marley,Bob_Marley,227,2004,Welcome_to_Jamrock,reggae
reggae.00009.wav,Sure_Mind,Bunny_Rugs,Bunny_Rugs,203,2009,Shine,reggae
reggae.00010.wav,Copy_My_Way,Bob_Marley,Bob_Marley,141,2002,Welcome_to_Jamrock,reggae
reggae.00011.wav,"Baby,_Let's_Go_Wild",Winston_Rodney,Winston_Rodney,97,2001,Gorillaz,reggae
reggae.00012.wav,I_Am_Crazy,Bunny_Rugs,Bunny_Rugs,95,2015,Shine,reggae
reggae.00013.wav,She_Hopes_We're_In_Love,Bunny_Rugs,Bunny_Rugs,171,2016,Shine,reggae
reggae.00014.wav,For_The_Memories,Bunny_Rugs,Bunny_Rugs,236,2004,Shine,reggae
reggae.00015.wav,Sleep_Games,Bunny_Rugs,Bunny_Rugs,197,2001,Shine,reggae
reggae.00016.wav,I_Can_Do_This,Bunny_Rugs,Bunny_Rugs,172,2011,Shine,reggae
reggae.00017.wav,I_Heard_She_Likes_To_Party,Winston_Rodney,Winston_Rodney,129,2010,Gorillaz,reggae
reggae.00018.wav,Whispers_Of_Freedom,Bob_Marley,Bob_Marley,141,2002,Welcome_to_Jamrock,reggae
reggae.00019.wav,Memory,Bunny_Rugs,Bunny_Rugs,235,2002,Shine,reggae
reggae.00020.wav,Heart_Of_What,Winston_Rodney,Winston_Rodney,144,2008,Gorillaz,reggae
reggae.00021.wav,Heart_Of_What,Toots_Hibbert,Toots_Hibbert,125,1999,"Alright,_Still",reggae
reggae.00022.wav,Let's_Be_Free_Tonight,Bob_Marley,Bob_Marley,121,2003,Welcome_to_Jamrock,reggae
reggae.00023.wav,Of_You,Bunny_Rugs,Bunny_Rugs,119,2008,Shine,reggae
reggae.00024.wav,"Sweetie,_Stand_By_Me",Winston_Rodney,Winston_Rodney,122,2002,Gorillaz,reggae
reggae.00025.wav,Whispers_Of_Freedom,Bunny_Rugs,Bunny_Rugs,143,2010,Shine,reggae
reggae.00026.wav,He_Hopes_She_Can_Do_This,Winston_Rodney,Winston_Rodney,116,2016,Gorillaz,reggae
reggae.00027.wav,Life_Of_What,Winston_Rodney,Winston_Rodney,228,2010,Gorillaz,reggae
reggae.00028.wav,Friends_Of_Diamonds,Winston_Rodney,Winston_Rodney,91,2003,Gorillaz,reggae
reggae.00029.wav,For_My_Baby,Bob_Marley,Bob_Marley,134,2011,Welcome_to_Jamrock,reggae
reggae.00030.wav,"Baby,_Remember_Tomorrow",Toots_Hibbert,Toots_Hibbert,124,2016,"Alright,_Still",reggae
reggae.00031.wav,Last_Mind,Toots_Hibbert,Toots_Hibbert,214,2005,"Alright,_Still",reggae
reggae.00032.wav,She_Heard_You're_Trouble,Bunny_Rugs,Bunny_Rugs,238,2003,Shine,reggae
reggae.00033.wav,Game,Winston_Rodney,Winston_Rodney,149,2011,Gorillaz,reggae
reggae.00034.wav,Sleep_In_His_Kiss,Winston_Rodney,Winston_Rodney,224,2008,Gorillaz,reggae
reggae.00035.wav,Let's_Be_Free_Tonight,Winston_Rodney,Winston_Rodney,94,2014,Gorillaz,reggae
reggae.00036.wav,Remember_Me,Toots_Hibbert,Toots_Hibbert,179,2006,"Alright,_Still",reggae
reggae.00037.wav,For_The_Memories,Winston_Rodney,Winston_Rodney,119,2016,Gorillaz,reggae
reggae.00038.wav,She_Loves_You,Bunny_Rugs,Bunny_Rugs,126,1999,Shine,reggae
reggae.00039.wav,They_Can't_Hold_Us_Down,Toots_Hibbert,Toots_Hibbert,195,2014,"Alright,_Still",reggae
reggae.00040.wav,Male_Secrets,Toots_Hibbert,Toots_Hibbert,145,1999,"Alright,_Still",reggae
reggae.00041.wav,Melody_Of_Style,Winston_Rodney,Winston_Rodney,199,1999,Gorillaz,reggae
reggae.00042.wav,You're_Amazing,Winston_Rodney,Winston_Rodney,179,2008,Gorillaz,reggae
reggae.00043.wav,Melody_Of_Style,Toots_Hibbert,Toots_Hibbert,233,2015,"Alright,_Still",reggae
reggae.00044.wav,Story_Of_A_Stranger,Bunny_Rugs,Bunny_Rugs,100,2002,Shine,reggae
reggae.00045.wav,Mind,Winston_Rodney,Winston_Rodney,198,2010,Gorillaz,reggae
reggae.00046.wav,Light_Of_Midnight,Bunny_Rugs,Bunny_Rugs,164,2005,Shine,reggae
reggae.00047.wav,Eyes,Winston_Rodney,Winston_Rodney,232,2014,Gorillaz,reggae
reggae.00048.wav,Song_Of_The_Ages,Bob_Marley,Bob_Marley,233,2013,Welcome_to_Jamrock,reggae
reggae.00049.wav,She_Said_She's_Trouble,Toots_Hibbert,Toots_Hibbert,112,2009,"Alright,_Still",reggae
reggae.00050.wav,I_Won't_Stop,Toots_Hibbert,Toots_Hibbert,135,2011,"Alright,_Still",reggae
reggae.00051.wav,Memory,Toots_Hibbert,Toots_Hibbert,158,2016,"Alright,_Still",reggae
reggae.00052.wav,She_Said_I_Don't_Care,Bunny_Rugs,Bunny_Rugs,233,2008,Shine,reggae
reggae.00053.wav,Of_What,Bunny_Rugs,Bunny_Rugs,228,2001,Shine,reggae
reggae.00054.wav,I_Love_You_So,Winston_Rodney,Winston_Rodney,183,2015,Gorillaz,reggae
reggae.00055.wav,Lose_Her_Music,Winston_Rodney,Winston_Rodney,190,2012,Gorillaz,reggae
reggae.00056.wav,Sleep_Games,Bob_Marley,Bob_Marley,178,2004,Welcome_to_Jamrock,reggae
reggae.00057.wav,Woman_Of_The_World,Bunny_Rugs,Bunny_Rugs,214,2003,Shine,reggae
reggae.00058.wav,For_The_Man,Toots_Hibbert,Toots_Hibbert,115,2016,"Alright,_Still",reggae
reggae.00059.wav,Of_What,Toots_Hibbert,Toots_Hibbert,167,2002,"Alright,_Still",reggae
reggae.00060.wav,Forever,Bob_Marley,Bob_Marley,132,2007,Welcome_to_Jamrock,reggae
reggae.00061.wav,Super_Tomorrow,Toots_Hibbert,Toots_Hibbert,119,2010,"Alright,_Still",reggae
reggae.00062.wav,Troubles_Of_His_Eyes,Winston_Rodney,Winston_Rodney,144,2007,Gorillaz,reggae
reggae.00063.wav,She_Said_I_Don't_Care,Bunny_Rugs,Bunny_Rugs,116,2006,Shine,reggae
reggae.00064.wav,Time_Tales,Winston_Rodney,Winston_Rodney,107,2009,Gorillaz,reggae
reggae.00065.wav,Walk_With_Her_Nude,Toots_Hibbert,Toots_Hibbert,189,2004,"Alright,_Still",reggae
reggae.00066.wav,He's_Crazy,Bunny_Rugs,Bunny_Rugs,217,2010,Shine,reggae
reggae.00067.wav,I_Heard_She_Likes_To_Party,Bunny_Rugs,Bunny_Rugs,153,2016,Shine,reggae
reggae.00068.wav,They_Can't_Hold_Us_Down,Bunny_Rugs,Bunny_Rugs,208,2013,Shine,reggae
reggae.00069.wav,Super_Tomorrow,Bob_Marley,Bob_Marley,222,2001,Welcome_to_Jamrock,reggae
reggae.00070.wav,She_Heard_I_Can_Do_This,Bob_Marley,Bob_Marley,230,2011,Welcome_to_Jamrock,reggae
reggae.00071.wav,Let's_Be_Free_Tonight,Bob_Marley,Bob_Marley,193,1999,Welcome_to_Jamrock,reggae
reggae.00072.wav,Images,Bunny_Rugs,Bunny_Rugs,103,2016,Shine,reggae
reggae.00073.wav,Eyes,Bob_Marley,Bob_Marley,186,2016,Welcome_to_Jamrock,reggae
reggae.00074.wav,I_Like_To_Party,Winston_Rodney,Winston_Rodney,163,2014,Gorillaz,reggae
reggae.00075.wav,She_Heard_I_Can_Do_This,Toots_Hibbert,Toots_Hibbert,158,2009,"Alright,_Still",reggae
reggae.00076.wav,Memories,Winston_Rodney,Winston_Rodney,203,2002,Gorillaz,reggae
reggae.00077.wav,She_Likes_You,Bunny_Rugs,Bunny_Rugs,188,2004,Shine,reggae
reggae.00078.wav,Smiles_Of_Old,Bunny_Rugs,Bunny_Rugs,161,2005,Shine,reggae
reggae.00079.wav,Getting_Your_Love,Winston_Rodney,Winston_Rodney,162,2006,Gorillaz,reggae
reggae.00080.wav,Tonight's_The_Night,Winston_Rodney,Winston_Rodney,190,2002,Gorillaz,reggae
reggae.00081.wav,Of_Fame,Bob_Marley,Bob_Marley,157,2010,Welcome_to_Jamrock,reggae
reggae.00082.wav,He_Hopes_He_Likes_To_Party,Winston_Rodney,Winston_Rodney,239,2001,Gorillaz,reggae
reggae.00083.wav,They_Can't_Hold_Us_Down,Winston_Rodney,Winston_Rodney,95,2012,Gorillaz,reggae
reggae.00084.wav,Of_Ice,Bunny_Rugs,Bunny_Rugs,109,2009,Shine,reggae
reggae.00085.wav,Without_You,Winston_Rodney,Winston_Rodney,141,2015,Gorillaz,reggae
reggae.00086.wav,Tomorrow,Winston_Rodney,Winston_Rodney,96,1999,Gorillaz,reggae
reggae.00087.wav,She_Said_I'll_Love_You_Forever,Toots_Hibbert,Toots_Hibbert,107,2006,"Alright,_Still",reggae
reggae.00088.wav,Affection,Winston_Rodney,Winston_Rodney,196,2007,Gorillaz,reggae
reggae.00089.wav,Free_Moves,Winston_Rodney,Winston_Rodney,232,2016,Gorillaz,reggae
reggae.00090.wav,Dance_Money,Toots_Hibbert,Toots_Hibbert,179,2015,"Alright,_Still",reggae
reggae.00091.wav,"Sweetie,_Stand_By_Me",Winston_Rodney,Winston_Rodney,111,2004,Gorillaz,reggae
reggae.00092.wav,I_Need_Your_Love,Bunny_Rugs,Bunny_Rugs,96,2013,Shine,reggae
reggae.00093.wav,Crazy_Story,Winston_Rodney,Winston_Rodney,100,2002,Gorillaz,reggae
reggae.00094.wav,Of_Ice,Bob_Marley,Bob_Marley,159,2000,Welcome_to_Jamrock,reggae
reggae.00095.wav,He_Hopes_He_Likes_To_Party,Winston_Rodney,Winston_Rodney,198,2005,Gorillaz,reggae
reggae.00096.wav,Legend_Of_Tomorrow,Bunny_Rugs,Bunny_Rugs,94,2004,Shine,reggae
reggae.00097.wav,Voice,Bunny_Rugs,Bunny_Rugs,136,2000,Shine,reggae
reggae.00098.wav,Copy_My_Way,Bob_Marley,Bob_Marley,210,2012,Welcome_to_Jamrock,reggae
reggae.00099.wav,Of_Mirrors,Bunny_Rugs,Bunny_Rugs,105,2008,Shine,reggae
rock.00000.wav,Story_Of_A_Stranger,Guns_N_Roses,Guns_N_Roses,227,2006,The_Black_Keys,rock
rock.00001.wav,Friends_Of_Diamonds,Aerosmith,Aerosmith,232,2002,The_Hives,rock
rock.00002.wav,"Darling,_You're_Amazing",Queen,Queen,203,2006,Eagles_Of_Death_Metal,rock
rock.00003.wav,Heart_Of_Dance,The_Beatles,The_Beatles,158,2015,Kings_Of_Leon,rock
rock.00004.wav,Fireworks,Led_Zeppelin,Led_Zeppelin,237,2010,The_Dead_Weather,rock
rock.00005.wav,She_Said_I_Don't_Care,Aerosmith,Aerosmith,124,2001,The_Hives,rock
rock.00006.wav,Love_Me,The_Beatles,The_Beatles,137,2000,Kings_Of_Leon,rock
rock.00007.wav,She_Heard_I_Can_Do_This,The_Beatles,The_Beatles,172,2015,Kings_Of_Leon,rock
rock.00008.wav,ift_Of_More,The_Beatles,The_Beatles,100,2014,Kings_Of_Leon,rock
rock.00009.wav,You're_Trouble,Pink_Floyd,Pink_Floyd,144,2012,The_Strokes,rock
rock.00010.wav,I'm_A_Troublemaker,Pink_Floyd,Pink_Floyd,139,1999,The_Strokes,rock
rock.00011.wav,Get_Out,Guns_N_Roses,Guns_N_Roses,209,2008,The_Black_Keys,rock
rock.00012.wav,Midnight_Forever,Queen,Queen,160,2002,Eagles_Of_Death_Metal,rock
rock.00013.wav,Rhythm,Guns_N_Roses,Guns_N_Roses,131,2003,The_Black_Keys,rock
rock.00014.wav,Fireworks,Guns_N_Roses,Guns_N_Roses,211,2012,The_Black_Keys,rock
rock.00015.wav,I'm_A_Troublemaker,The_Beatles,The_Beatles,219,2007,Kings_Of_Leon,rock
rock.00016.wav,Tie_Your_Mother_Down,Queen,Queen,150,2012,Eagles_Of_Death_Metal,rock
rock.00017.wav,Under_Pressure,Queen,Queen,167,2014,Eagles_Of_Death_Metal,rock
rock.00018.wav,Another_One_Bites_The_Dust,Queen,Queen,222,1999,Eagles_Of_Death_Metal,rock
rock.00019.wav,Prayer_For_Two,Led_Zeppelin,Led_Zeppelin,195,2016,The_Dead_Weather,rock
rock.00020.wav,She_Can_Do_This,Aerosmith,Aerosmith,238,2004,The_Hives,rock
rock.00021.wav,"Babe,_You_And_I_Forever",Aerosmith,Aerosmith,100,2006,The_Hives,rock
rock.00022.wav,Sleep_Games,Pink_Floyd,Pink_Floyd,93,2002,The_Strokes,rock
rock.00023.wav,Love_Your_Own,Pink_Floyd,Pink_Floyd,215,2002,The_Strokes,rock
rock.00024.wav,Story_Of_A_Stranger,Pink_Floyd,Pink_Floyd,105,2005,The_Strokes,rock
rock.00025.wav,Song,Black_Sabbath,Black_Sabbath,225,2000,Queens_Of_The_Stone_Age,rock
rock.00026.wav,Smile,Led_Zeppelin,Led_Zeppelin,94,2004,The_Dead_Weather,rock
rock.00027.wav,I_Like_To_Party,Pink_Floyd,Pink_Floyd,156,2012,The_Strokes,rock
rock.00028.wav,"Honey,_You're_My_Number_One",Black_Sabbath,Black_Sabbath,106,2005,Queens_Of_The_Stone_Age,rock
rock.00029.wav,Change_My_Memory,Pink_Floyd,Pink_Floyd,197,2001,The_Strokes,rock
rock.00030.wav,Touch,Guns_N_Roses,Guns_N_Roses,168,2007,The_Black_Keys,rock
rock.00031.wav,"Baby,_Time_After_Time",Aerosmith,Aerosmith,191,2012,The_Hives,rock
rock.00032.wav,I'm_With_You,Aerosmith,Aerosmith,110,2008,The_Hives,rock
rock.00033.wav,Heart_Of_Dance,Aerosmith,Aerosmith,175,2008,The_Hives,rock
rock.00034.wav,I_Wish_You_Were_Mine,Aerosmith,Aerosmith,194,2005,The_Hives,rock
rock.00035.wav,Tomorrow,Led_Zeppelin,Led_Zeppelin,209,2011,The_Dead_Weather,rock
rock.00036.wav,Whispers_Of_Anything,Black_Sabbath,Black_Sabbath,124,2007,Queens_Of_The_Stone_Age,rock
rock.00037.wav,Cling_To_My_Kiss,The_Beatles,The_Beatles,130,1999,Kings_Of_Leon,rock
rock.00038.wav,Dance_Kisses,Black_Sabbath,Black_Sabbath,112,2000,Queens_Of_The_Stone_Age,rock
rock.00039.wav,"Honey,_You're_My_Number_One",Pink_Floyd,Pink_Floyd,209,2012,The_Strokes,rock
rock.00040.wav,You_And_I_Forever,Pink_Floyd,Pink_Floyd,196,2007,The_Strokes,rock
rock.00041.wav,Forever,Aerosmith,Aerosmith,210,2004,The_Hives,rock
rock.00042.wav,Remember_His_Affection,Guns_N_Roses,Guns_N_Roses,195,2004,The_Black_Keys,rock
rock.00043.wav,Tonight,Led_Zeppelin,Led_Zeppelin,154,2004,The_Dead_Weather,rock
rock.00044.wav,Sleep_In_My_Bed,Queen,Queen,193,2007,Eagles_Of_Death_Metal,rock
rock.00045.wav,Time_Tales,Black_Sabbath,Black_Sabbath,144,2000,Queens_Of_The_Stone_Age,rock
rock.00046.wav,"Baby,_You_And_I_Forever",The_Beatles,The_Beatles,138,2012,Kings_Of_Leon,rock
rock.00047.wav,Midnight_Forever,Aerosmith,Aerosmith,178,2013,The_Hives,rock
rock.00048.wav,Think_About_Your_Troubles,Queen,Queen,235,2006,Eagles_Of_Death_Metal,rock
rock.00049.wav,Need_My_Hometown,Aerosmith,Aerosmith,195,2000,The_Hives,rock
rock.00050.wav,Memories,Black_Sabbath,Black_Sabbath,188,2005,Queens_Of_The_Stone_Age,rock
rock.00051.wav,He_Knows_I_Love_It,The_Beatles,The_Beatles,130,2013,Kings_Of_Leon,rock
rock.00052.wav,Eyes,Guns_N_Roses,Guns_N_Roses,209,1999,The_Black_Keys,rock
rock.00053.wav,Man_Money,Led_Zeppelin,Led_Zeppelin,235,2000,The_Dead_Weather,rock
rock.00054.wav,Stranger_Of_Power,Black_Sabbath,Black_Sabbath,210,2001,Queens_Of_The_Stone_Age,rock
rock.00055.wav,Love_Me_Like_I_Love_You,The_Beatles,The_Beatles,217,2004,Kings_Of_Leon,rock
rock.00056.wav,Tonight,Black_Sabbath,Black_Sabbath,99,2000,Queens_Of_The_Stone_Age,rock
rock.00057.wav,Of_Your_Beauty,Pink_Floyd,Pink_Floyd,125,1999,The_Strokes,rock
rock.00058.wav,"Darling,_Sing_With_Me",Queen,Queen,93,2007,Eagles_Of_Death_Metal,rock
rock.00059.wav,Time_Tales,Led_Zeppelin,Led_Zeppelin,171,2007,The_Dead_Weather,rock
rock.00060.wav,Lose_His_Own,Led_Zeppelin,Led_Zeppelin,206,2002,The_Dead_Weather,rock
rock.00061.wav,Of_Something,Led_Zeppelin,Led_Zeppelin,231,2016,The_Dead_Weather,rock
rock.00062.wav,"Sweetie,_You_Make_Me_Feel_So..",Guns_N_Roses,Guns_N_Roses,119,2015,The_Black_Keys,rock
rock.00063.wav,Voice,Black_Sabbath,Black_Sabbath,177,2015,Queens_Of_The_Stone_Age,rock
rock.00064.wav,I'm_A_Troublemaker,Led_Zeppelin,Led_Zeppelin,142,2001,The_Dead_Weather,rock
rock.00065.wav,Woman_Of_The_World,Guns_N_Roses,Guns_N_Roses,211,2006,The_Black_Keys,rock
rock.00066.wav,Enjoy_Your_Power,Black_Sabbath,Black_Sabbath,170,2015,Queens_Of_The_Stone_Age,rock
rock.00067.wav,Heart_Of_What,Black_Sabbath,Black_Sabbath,224,2005,Queens_Of_The_Stone_Age,rock
rock.00068.wav,Melody_Of_Style,Guns_N_Roses,Guns_N_Roses,218,2009,The_Black_Keys,rock
rock.00069.wav,"Darling,_I_Think_I_Like_You",The_Beatles,The_Beatles,138,1999,Kings_Of_Leon,rock
rock.00070.wav,Walk_With_Your_Own,Pink_Floyd,Pink_Floyd,219,2007,The_Strokes,rock
rock.00071.wav,Of_Your_Beauty,The_Beatles,The_Beatles,216,2003,Kings_Of_Leon,rock
rock.00072.wav,Love_Me,Black_Sabbath,Black_Sabbath,92,2003,Queens_Of_The_Stone_Age,rock
rock.00073.wav,He_Loves_I'll_Love_You_Forever,Guns_N_Roses,Guns_N_Roses,238,2015,The_Black_Keys,rock
rock.00074.wav,Remember_His_Affection,Aerosmith,Aerosmith,160,1999,The_Hives,rock
rock.00075.wav,We_Know,Led_Zeppelin,Led_Zeppelin,162,2001,The_Dead_Weather,rock
rock.00076.wav,She_Said_She_Likes_You,Pink_Floyd,Pink_Floyd,119,2003,The_Strokes,rock
rock.00077.wav,World,Guns_N_Roses,Guns_N_Roses,186,2012,The_Black_Keys,rock
rock.00078.wav,Love_Your_Own,Aerosmith,Aerosmith,155,2012,The_Hives,rock
rock.00079.wav,Beautiful_Mind,Pink_Floyd,Pink_Floyd,183,2000,The_Strokes,rock
rock.00080.wav,Of_Something,Black_Sabbath,Black_Sabbath,157,2000,Queens_Of_The_Stone_Age,rock
rock.00081.wav,Rhythm,Pink_Floyd,Pink_Floyd,128,2004,The_Strokes,rock
rock.00082.wav,You're_Amazing,Aerosmith,Aerosmith,193,2008,The_Hives,rock
rock.00083.wav,I'm_A_Troublemaker,Guns_N_Roses,Guns_N_Roses,180,2010,The_Black_Keys,rock
rock.00084.wav,Sleep_Games,Queen,Queen,163,2015,Eagles_Of_Death_Metal,rock
rock.00085.wav,Of_Joy,Aerosmith,Aerosmith,130,2007,The_Hives,rock
rock.00086.wav,Male_Dreams,The_Beatles,The_Beatles,210,2010,Kings_Of_Leon,rock
rock.00087.wav,Tonight,Queen,Queen,199,2005,Eagles_Of_Death_Metal,rock
rock.00088.wav,Tomorrow,Guns_N_Roses,Guns_N_Roses,102,2007,The_Black_Keys,rock
rock.00089.wav,Super_Tomorrow,Led_Zeppelin,Led_Zeppelin,223,2003,The_Dead_Weather,rock
rock.00090.wav,Super_Power,Led_Zeppelin,Led_Zeppelin,209,2004,The_Dead_Weather,rock
rock.00091.wav,Reach_For_His_Eyes,The_Beatles,The_Beatles,93,2015,Kings_Of_Leon,rock
rock.00092.wav,She_Heard_I_Can_Do_This,Queen,Queen,102,2011,Eagles_Of_Death_Metal,rock
rock.00093.wav,She_Can_Do_This,Black_Sabbath,Black_Sabbath,137,2011,Queens_Of_The_Stone_Age,rock
rock.00094.wav,Pretty_Baby,Guns_N_Roses,Guns_N_Roses,90,2015,The_Black_Keys,rock
rock.00095.wav,Power,Aerosmith,Aerosmith,90,2015,The_Hives,rock
rock.00096.wav,"Honey,_I_Waited_For_You",Queen,Queen,103,2003,Eagles_Of_Death_Metal,rock
rock.00097.wav,"Babe,_You_And_I_Forever",Aerosmith,Aerosmith,122,2016,The_Hives,rock
rock.00098.wav,Lose_Her_Music,Led_Zeppelin,Led_Zeppelin,99,2008,The_Dead_Weather,rock
rock.00099.wav,"Baby,_Time_After_Time",Pink_Floyd,Pink_Floyd,177,2008,The_Strokes,rock